x-axis,2,3
second,Volt,Volt
-12.200E-03,,
-12.100E-03,-16.457E-03,-26.759E-03
-12.000E-03,-16.457E-03,-26.759E-03
-11.900E-03,-16.457E-03,+7.161E-03
-11.800E-03,-16.457E-03,-26.759E-03
-11.700E-03,-16.457E-03,-26.759E-03
-11.600E-03,-126E-06,-26.759E-03
-11.500E-03,-10.176E-03,-60.678E-03
-11.400E-03,-16.457E-03,-26.759E-03
-11.300E-03,-16.457E-03,-26.759E-03
-11.200E-03,-16.457E-03,-50.628E-03
-11.100E-03,-10.176E-03,-26.759E-03
-11.000E-03,-16.457E-03,-26.759E-03
-10.900E-03,-2.638E-03,-53.141E-03
-10.800E-03,-16.457E-03,-26.759E-03
-10.700E-03,-16.457E-03,-60.678E-03
-10.600E-03,-12.688E-03,-26.759E-03
-10.500E-03,-2.638E-03,-26.759E-03
-10.400E-03,-16.457E-03,-26.759E-03
-10.300E-03,-16.457E-03,-26.759E-03
-10.200E-03,-16.457E-03,-26.759E-03
-10.100E-03,+9.925E-03,-26.759E-03
-10.000E-03,-16.457E-03,-26.759E-03
-9.900E-03,-16.457E-03,-26.759E-03
-9.800E-03,-16.457E-03,-26.759E-03
-9.700E-03,-16.457E-03,-26.759E-03
-9.600E-03,+23.744E-03,-26.759E-03
-9.500E-03,-16.457E-03,-26.759E-03
-9.400E-03,-12.688E-03,-26.759E-03
-9.300E-03,-16.457E-03,-26.759E-03
-9.200E-03,+7.412E-03,-26.759E-03
-9.100E-03,-16.457E-03,-26.759E-03
-9.000E-03,-16.457E-03,-26.759E-03
-8.900E-03,-16.457E-03,-26.759E-03
-8.800E-03,-16.457E-03,-26.759E-03
-8.700E-03,+17.462E-03,-26.759E-03
-8.600E-03,-16.457E-03,-26.759E-03
-8.500E-03,-16.457E-03,-26.759E-03
-8.400E-03,-16.457E-03,-43.090E-03
-8.300E-03,-16.457E-03,-26.759E-03
-8.200E-03,-12.688E-03,-26.759E-03
-8.100E-03,-16.457E-03,-26.759E-03
-8.000E-03,+7.412E-03,-26.759E-03
-7.900E-03,-16.457E-03,-26.759E-03
-7.800E-03,-16.457E-03,-26.759E-03
-7.700E-03,-16.457E-03,-40.578E-03
-7.600E-03,+7.412E-03,-26.759E-03
-7.500E-03,+23.744E-03,-26.759E-03
-7.400E-03,-16.457E-03,-66.960E-03
-7.300E-03,-2.638E-03,-26.759E-03
-7.200E-03,-126E-06,-26.759E-03
-7.100E-03,-10.176E-03,-26.759E-03
-7.000E-03,-16.457E-03,-66.960E-03
-6.900E-03,-16.457E-03,-26.759E-03
-6.800E-03,-16.457E-03,-26.759E-03
-6.700E-03,+17.462E-03,-26.759E-03
-6.600E-03,-16.457E-03,-66.960E-03
-6.500E-03,-16.457E-03,-26.759E-03
-6.400E-03,-16.457E-03,-50.628E-03
-6.300E-03,-16.457E-03,-26.759E-03
-6.200E-03,+19.975E-03,-26.759E-03
-6.100E-03,-2.638E-03,-26.759E-03
-6.000E-03,-16.457E-03,-26.759E-03
-5.900E-03,-16.457E-03,-26.759E-03
-5.800E-03,-16.457E-03,-30.528E-03
-5.700E-03,-16.457E-03,-26.759E-03
-5.600E-03,-126E-06,-26.759E-03
-5.500E-03,-16.457E-03,-26.759E-03
-5.400E-03,-16.457E-03,-26.759E-03
-5.300E-03,-16.457E-03,-26.759E-03
-5.200E-03,-126E-06,-26.759E-03
-5.100E-03,-16.457E-03,-26.759E-03
-5.000E-03,-16.457E-03,-26.759E-03
-4.900E-03,-16.457E-03,-26.759E-03
-4.800E-03,-16.457E-03,-26.759E-03
-4.700E-03,-16.457E-03,-26.759E-03
-4.600E-03,-16.457E-03,-26.759E-03
-4.500E-03,-16.457E-03,-26.759E-03
-4.400E-03,-16.457E-03,-26.759E-03
-4.300E-03,-16.457E-03,-26.759E-03
-4.200E-03,-16.457E-03,-63.191E-03
-4.100E-03,+9.925E-03,-40.578E-03
-4.000E-03,-16.457E-03,-26.759E-03
-3.900E-03,-10.176E-03,-60.678E-03
-3.800E-03,-16.457E-03,-26.759E-03
-3.700E-03,-16.457E-03,-40.578E-03
-3.600E-03,-16.457E-03,-26.759E-03
-3.500E-03,+17.462E-03,-26.759E-03
-3.400E-03,-16.457E-03,-26.759E-03
-3.300E-03,-16.457E-03,-26.759E-03
-3.200E-03,-16.457E-03,-50.628E-03
-3.100E-03,-16.457E-03,-26.759E-03
-3.000E-03,-16.457E-03,-63.191E-03
-2.900E-03,+9.925E-03,-26.759E-03
-2.800E-03,-126E-06,-26.759E-03
-2.700E-03,-16.457E-03,-26.759E-03
-2.600E-03,+23.744E-03,-26.759E-03
-2.500E-03,-16.457E-03,-26.759E-03
-2.400E-03,-16.457E-03,-26.759E-03
-2.300E-03,-16.457E-03,-26.759E-03
-2.200E-03,-16.457E-03,-26.759E-03
-2.100E-03,+23.744E-03,-377E-06
-2.000E-03,-126E-06,-26.759E-03
-1.900E-03,-16.457E-03,-26.759E-03
-1.800E-03,-16.457E-03,-26.759E-03
-1.700E-03,-16.457E-03,-53.141E-03
-1.600E-03,-16.457E-03,-26.759E-03
-1.500E-03,+17.462E-03,-33.040E-03
-1.400E-03,-16.457E-03,-227.764E-03
-1.300E-03,-2.638E-03,-187.563E-03
-1.200E-03,+7.412E-03,-227.764E-03
-1.100E-03,+23.744E-03,-388.568E-03
-1.000E-03,+23.744E-03,-428.769E-03
-900E-06,+37.563E-03,-388.568E-03
-800E-06,+63.945E-03,-509.171E-03
-700E-06,+63.945E-03,-750.377E-03
-600E-06,+104.146E-03,-790.578E-03
-500E-06,+104.146E-03,-683.794E-03
-400E-06,+144.347E-03,-830.779E-03
-300E-06,+184.548E-03,-1.025502E+00
-200E-06,+224.749E-03,-1.112186E+00
-100E-06,+251.131E-03,-1.152387E+00
-0.0E+00,+264.950E-03,-1.232789E+00
+100E-06,+305.151E-03,-1.232789E+00
+200E-06,+385.553E-03,-1.192588E+00
+300E-06,+385.553E-03,-1.272990E+00
+400E-06,+465.955E-03,-1.393593E+00
+500E-06,+506.156E-03,-1.427513E+00
+600E-06,+546.357E-03,-1.272990E+00
+700E-06,+586.558E-03,-1.299372E+00
+800E-06,+643.091E-03,-1.313191E+00
+900E-06,+707.161E-03,-1.306910E+00
+1.000E-03,+747.362E-03,-1.272990E+00
+1.100E-03,+801.382E-03,-1.313191E+00
+1.200E-03,+867.965E-03,-1.272990E+00
+1.300E-03,+908.166E-03,-1.158668E+00
+1.400E-03,+948.367E-03,-1.075754E+00
+1.500E-03,+1.028769E+00,-1.112186E+00
+1.600E-03,+1.068970E+00,-1.112186E+00
+1.700E-03,+1.109171E+00,-1.031784E+00
+1.800E-03,+1.149372E+00,-907.412E-03
+1.900E-03,+1.189573E+00,-857.161E-03
+2.000E-03,+1.229774E+00,-790.578E-03
+2.100E-03,+1.269975E+00,-669.975E-03
+2.200E-03,+1.273744E+00,-593.342E-03
+2.300E-03,+1.310176E+00,-563.191E-03
+2.400E-03,+1.350377E+00,-428.769E-03
+2.500E-03,+1.350377E+00,-308.166E-03
+2.600E-03,+1.390578E+00,-227.764E-03
+2.700E-03,+1.390578E+00,-187.563E-03
+2.800E-03,+1.390578E+00,-107.161E-03
+2.900E-03,+1.396859E+00,+47.362E-03
+3.000E-03,+1.394347E+00,+134.045E-03
+3.100E-03,+1.390578E+00,+214.447E-03
+3.200E-03,+1.390578E+00,+318.719E-03
+3.300E-03,+1.390578E+00,+415.452E-03
+3.400E-03,+1.390578E+00,+455.653E-03
+3.500E-03,+1.350377E+00,+536.055E-03
+3.600E-03,+1.326508E+00,+632.789E-03
+3.700E-03,+1.276256E+00,+737.060E-03
+3.800E-03,+1.269975E+00,+817.462E-03
+3.900E-03,+1.229774E+00,+857.663E-03
+4.000E-03,+1.189573E+00,+954.397E-03
+4.100E-03,+1.155653E+00,+1.018467E+00
+4.200E-03,+1.109171E+00,+1.058668E+00
+4.300E-03,+1.068970E+00,+1.139070E+00
+4.400E-03,+1.028769E+00,+1.219472E+00
+4.500E-03,+954.648E-03,+1.259673E+00
+4.600E-03,+908.166E-03,+1.299874E+00
+4.700E-03,+867.965E-03,+1.299874E+00
+4.800E-03,+803.895E-03,+1.340075E+00
+4.900E-03,+747.362E-03,+1.380276E+00
+5.000E-03,+707.161E-03,+1.460678E+00
+5.100E-03,+640.578E-03,+1.500879E+00
+5.200E-03,+570.226E-03,+1.517211E+00
+5.300E-03,+506.156E-03,+1.466960E+00
+5.400E-03,+465.955E-03,+1.384045E+00
+5.500E-03,+385.553E-03,+1.420477E+00
+5.600E-03,+321.483E-03,+1.500879E+00
+5.700E-03,+264.950E-03,+1.460678E+00
+5.800E-03,+224.749E-03,+1.420477E+00
+5.900E-03,+144.347E-03,+1.353894E+00
+6.000E-03,+104.146E-03,+1.340075E+00
+6.100E-03,+57.663E-03,+1.299874E+00
+6.200E-03,-16.457E-03,+1.299874E+00
+6.300E-03,-56.658E-03,+1.299874E+00
+6.400E-03,-96.859E-03,+1.259673E+00
+6.500E-03,-143.342E-03,+1.179271E+00
+6.600E-03,-181.030E-03,+1.139070E+00
+6.700E-03,-257.663E-03,+1.098869E+00
+6.800E-03,-273.995E-03,+1.075000E+00
+6.900E-03,-338.065E-03,+1.024749E+00
+7.000E-03,-378.266E-03,+978.266E-03
+7.100E-03,-418.467E-03,+938.065E-03
+7.200E-03,-418.467E-03,+873.995E-03
+7.300E-03,-458.668E-03,+817.462E-03
+7.400E-03,-498.869E-03,+777.261E-03
+7.500E-03,-539.070E-03,+763.442E-03
+7.600E-03,-539.070E-03,+720.729E-03
+7.700E-03,-579.271E-03,+656.658E-03
+7.800E-03,-615.703E-03,+616.457E-03
+7.900E-03,-619.472E-03,+576.256E-03
+8.000E-03,-619.472E-03,+519.724E-03
+8.100E-03,-659.673E-03,+495.854E-03
+8.200E-03,-696.105E-03,+492.085E-03
+8.300E-03,-699.874E-03,+455.653E-03
+8.400E-03,-699.874E-03,+391.583E-03
+8.500E-03,-699.874E-03,+335.050E-03
+8.600E-03,-740.075E-03,+335.050E-03
+8.700E-03,-740.075E-03,+335.050E-03
+8.800E-03,-740.075E-03,+294.849E-03
+8.900E-03,-746.357E-03,+254.648E-03
+9.000E-03,-780.276E-03,+218.216E-03
+9.100E-03,-753.894E-03,+214.447E-03
+9.200E-03,-780.276E-03,+174.246E-03
+9.300E-03,-780.276E-03,+174.246E-03
+9.400E-03,-784.045E-03,+174.246E-03
+9.500E-03,-780.276E-03,+107.663E-03
+9.600E-03,-820.477E-03,+93.844E-03
+9.700E-03,-820.477E-03,+53.643E-03
+9.800E-03,-820.477E-03,+53.643E-03
+9.900E-03,-820.477E-03,+13.442E-03
+10.000E-03,-820.477E-03,+13.442E-03
+10.100E-03,-820.477E-03,+7.161E-03
+10.200E-03,-820.477E-03,-26.759E-03
+10.300E-03,-820.477E-03,-66.960E-03
+10.400E-03,-820.477E-03,-66.960E-03
+10.500E-03,-820.477E-03,-73.241E-03
+10.600E-03,-820.477E-03,-107.161E-03
+10.700E-03,-820.477E-03,-147.362E-03
+10.800E-03,-820.477E-03,-147.362E-03
+10.900E-03,-820.477E-03,-187.563E-03
+11.000E-03,-820.477E-03,-227.764E-03
+11.100E-03,-820.477E-03,-227.764E-03
+11.200E-03,-820.477E-03,-244.095E-03
+11.300E-03,-786.558E-03,-274.246E-03
+11.400E-03,-780.276E-03,-308.166E-03
+11.500E-03,-780.276E-03,-348.367E-03
+11.600E-03,-756.407E-03,-348.367E-03
+11.700E-03,-780.276E-03,-388.568E-03
+11.800E-03,-740.075E-03,-388.568E-03
+11.900E-03,-740.075E-03,-428.769E-03
+12.000E-03,-740.075E-03,-428.769E-03
+12.100E-03,-740.075E-03,-468.970E-03
+12.200E-03,-699.874E-03,-505.402E-03
+12.300E-03,-699.874E-03,-509.171E-03
+12.400E-03,-676.005E-03,-509.171E-03
+12.500E-03,-659.673E-03,-543.090E-03
+12.600E-03,-659.673E-03,-553.141E-03
+12.700E-03,-645.854E-03,-589.573E-03
+12.800E-03,-619.472E-03,-605.904E-03
+12.900E-03,-579.271E-03,-629.774E-03
+13.000E-03,-579.271E-03,-629.774E-03
+13.100E-03,-579.271E-03,-629.774E-03
+13.200E-03,-539.070E-03,-653.643E-03
+13.300E-03,-539.070E-03,-669.975E-03
+13.400E-03,-498.869E-03,-669.975E-03
+13.500E-03,-498.869E-03,-669.975E-03
+13.600E-03,-458.668E-03,-693.844E-03
+13.700E-03,-424.749E-03,-710.176E-03
+13.800E-03,-418.467E-03,-710.176E-03
+13.900E-03,-378.266E-03,-710.176E-03
+14.000E-03,-378.266E-03,-734.045E-03
+14.100E-03,-371.985E-03,-716.457E-03
+14.200E-03,-334.296E-03,-746.608E-03
+14.300E-03,-297.864E-03,-750.377E-03
+14.400E-03,-257.663E-03,-734.045E-03
+14.500E-03,-251.382E-03,-716.457E-03
+14.600E-03,-253.894E-03,-750.377E-03
+14.700E-03,-217.462E-03,-736.558E-03
+14.800E-03,-201.131E-03,-734.045E-03
+14.900E-03,-143.342E-03,-750.377E-03
+15.000E-03,-137.060E-03,-710.176E-03
+15.100E-03,-110.678E-03,-723.995E-03
+15.200E-03,-96.859E-03,-710.176E-03
+15.300E-03,-56.658E-03,-710.176E-03
+15.400E-03,-52.889E-03,-710.176E-03
+15.500E-03,-16.457E-03,-669.975E-03
+15.600E-03,-16.457E-03,-669.975E-03
+15.700E-03,+23.744E-03,-669.975E-03
+15.800E-03,+60.176E-03,-629.774E-03
+15.900E-03,+63.945E-03,-656.156E-03
+16.000E-03,+104.146E-03,-629.774E-03
+16.100E-03,+104.146E-03,-595.854E-03
+16.200E-03,+140.578E-03,-589.573E-03
+16.300E-03,+144.347E-03,-589.573E-03
+16.400E-03,+184.548E-03,-573.241E-03
+16.500E-03,+184.548E-03,-549.372E-03
+16.600E-03,+224.749E-03,-545.603E-03
+16.700E-03,+224.749E-03,-509.171E-03
+16.800E-03,+241.081E-03,-509.171E-03
+16.900E-03,+264.950E-03,-468.970E-03
+17.000E-03,+264.950E-03,-428.769E-03
+17.100E-03,+305.151E-03,-428.769E-03
+17.200E-03,+305.151E-03,-428.769E-03
+17.300E-03,+339.070E-03,-388.568E-03
+17.400E-03,+345.352E-03,-388.568E-03
+17.500E-03,+345.352E-03,-334.548E-03
+17.600E-03,+385.553E-03,-348.367E-03
+17.700E-03,+351.633E-03,-314.447E-03
+17.800E-03,+385.553E-03,-308.166E-03
+17.900E-03,+385.553E-03,-267.965E-03
+18.000E-03,+425.754E-03,-267.965E-03
+18.100E-03,+425.754E-03,-227.764E-03
+18.200E-03,+425.754E-03,-187.563E-03
+18.300E-03,+425.754E-03,-187.563E-03
+18.400E-03,+425.754E-03,-187.563E-03
+18.500E-03,+425.754E-03,-147.362E-03
+18.600E-03,+429.523E-03,-147.362E-03
+18.700E-03,+452.136E-03,-107.161E-03
+18.800E-03,+449.623E-03,-66.960E-03
+18.900E-03,+465.955E-03,-100.879E-03
+19.000E-03,+465.955E-03,-66.960E-03
+19.100E-03,+465.955E-03,-66.960E-03
+19.200E-03,+465.955E-03,-26.759E-03
+19.300E-03,+499.874E-03,-20.477E-03
+19.400E-03,+465.955E-03,+13.442E-03
+19.500E-03,+465.955E-03,+13.442E-03
+19.600E-03,+465.955E-03,+13.442E-03
+19.700E-03,+499.874E-03,+47.362E-03
+19.800E-03,+465.955E-03,+53.643E-03
+19.900E-03,+465.955E-03,+93.844E-03
+20.000E-03,+465.955E-03,+93.844E-03
+20.100E-03,+465.955E-03,+93.844E-03
+20.200E-03,+465.955E-03,+97.613E-03
+20.300E-03,+465.955E-03,+134.045E-03
+20.400E-03,+465.955E-03,+157.915E-03
+20.500E-03,+425.754E-03,+208.166E-03
+20.600E-03,+462.186E-03,+93.844E-03
+20.700E-03,+425.754E-03,+134.045E-03
+20.800E-03,+425.754E-03,+214.447E-03
+20.900E-03,+425.754E-03,+288.568E-03
+21.000E-03,+425.754E-03,+254.648E-03
+21.100E-03,+425.754E-03,+254.648E-03
+21.200E-03,+409.422E-03,+214.447E-03
+21.300E-03,+425.754E-03,+248.367E-03
+21.400E-03,+385.553E-03,+214.447E-03
+21.500E-03,+385.553E-03,+281.030E-03
+21.600E-03,+385.553E-03,+311.181E-03
+21.700E-03,+385.553E-03,+294.849E-03
+21.800E-03,+345.352E-03,+254.648E-03
+21.900E-03,+345.352E-03,+294.849E-03
+22.000E-03,+345.352E-03,+294.849E-03
+22.100E-03,+305.151E-03,+335.050E-03
+22.200E-03,+305.151E-03,+298.618E-03
+22.300E-03,+305.151E-03,+335.050E-03
+22.400E-03,+288.819E-03,+335.050E-03
+22.500E-03,+264.950E-03,+294.849E-03
+22.600E-03,+264.950E-03,+294.849E-03
+22.700E-03,+264.950E-03,+335.050E-03
+22.800E-03,+264.950E-03,+335.050E-03
+22.900E-03,+224.749E-03,+335.050E-03
+23.000E-03,+224.749E-03,+294.849E-03
+23.100E-03,+224.749E-03,+335.050E-03
+23.200E-03,+200.880E-03,+294.849E-03
+23.300E-03,+184.548E-03,+294.849E-03
+23.400E-03,+184.548E-03,+335.050E-03
+23.500E-03,+184.548E-03,+335.050E-03
+23.600E-03,+144.347E-03,+335.050E-03
+23.700E-03,+144.347E-03,+294.849E-03
+23.800E-03,+104.146E-03,+298.618E-03
+23.900E-03,+104.146E-03,+335.050E-03
+24.000E-03,+104.146E-03,+335.050E-03
+24.100E-03,+104.146E-03,+328.769E-03
+24.200E-03,+63.945E-03,+335.050E-03
+24.300E-03,+63.945E-03,+335.050E-03
+24.400E-03,+63.945E-03,+294.849E-03
+24.500E-03,+23.744E-03,+294.849E-03
+24.600E-03,+23.744E-03,+331.281E-03
+24.700E-03,+23.744E-03,+321.231E-03
+24.800E-03,-16.457E-03,+294.849E-03
+24.900E-03,-16.457E-03,+288.568E-03
+25.000E-03,-52.889E-03,+294.849E-03
+25.100E-03,-16.457E-03,+254.648E-03
+25.200E-03,-56.658E-03,+254.648E-03
+25.300E-03,-56.658E-03,+254.648E-03
+25.400E-03,-56.658E-03,+254.648E-03
+25.500E-03,-56.658E-03,+214.447E-03
+25.600E-03,-96.859E-03,+214.447E-03
+25.700E-03,-96.859E-03,+214.447E-03
+25.800E-03,-133.291E-03,+214.447E-03
+25.900E-03,-137.060E-03,+214.447E-03
+26.000E-03,-113.191E-03,+214.447E-03
+26.100E-03,-137.060E-03,+214.447E-03
+26.200E-03,-137.060E-03,+174.246E-03
+26.300E-03,-150.879E-03,+174.246E-03
+26.400E-03,-177.261E-03,+150.377E-03
+26.500E-03,-143.342E-03,+174.246E-03
+26.600E-03,-177.261E-03,+170.477E-03
+26.700E-03,-177.261E-03,+147.864E-03
+26.800E-03,-177.261E-03,+157.915E-03
+26.900E-03,-183.543E-03,+140.327E-03
+27.000E-03,-213.693E-03,+134.045E-03
+27.100E-03,-191.080E-03,+134.045E-03
+27.200E-03,-217.462E-03,+134.045E-03
+27.300E-03,-217.462E-03,+134.045E-03
+27.400E-03,-217.462E-03,+130.276E-03
+27.500E-03,-217.462E-03,+93.844E-03
+27.600E-03,-241.332E-03,+53.643E-03
+27.700E-03,-257.663E-03,+93.844E-03
+27.800E-03,-257.663E-03,+53.643E-03
+27.900E-03,-257.663E-03,+53.643E-03
+28.000E-03,-257.663E-03,+53.643E-03
+28.100E-03,-257.663E-03,+53.643E-03
+28.200E-03,-257.663E-03,+13.442E-03
+28.300E-03,-257.663E-03,+13.442E-03
+28.400E-03,-257.663E-03,+13.442E-03
+28.500E-03,-257.663E-03,+13.442E-03
+28.600E-03,-257.663E-03,+9.673E-03
+28.700E-03,-257.663E-03,-26.759E-03
+28.800E-03,-257.663E-03,-10.427E-03
+28.900E-03,-291.583E-03,-26.759E-03
+29.000E-03,-294.095E-03,-26.759E-03
+29.100E-03,-271.482E-03,-26.759E-03
+29.200E-03,-257.663E-03,-26.759E-03
+29.300E-03,-257.663E-03,-60.678E-03
+29.400E-03,-257.663E-03,-66.960E-03
+29.500E-03,-257.663E-03,-66.960E-03
+29.600E-03,-257.663E-03,-66.960E-03
+29.700E-03,-297.864E-03,-66.960E-03
+29.800E-03,-261.432E-03,-70.729E-03
+29.900E-03,-271.482E-03,-80.779E-03
+30.000E-03,-257.663E-03,-107.161E-03
+30.100E-03,-257.663E-03,-107.161E-03
+30.200E-03,-257.663E-03,-110.930E-03
+30.300E-03,-257.663E-03,-120.980E-03
+30.400E-03,-257.663E-03,-131.030E-03
+30.500E-03,-257.663E-03,-147.362E-03
+30.600E-03,-257.663E-03,-147.362E-03
+30.700E-03,-257.663E-03,-147.362E-03
+30.800E-03,-233.794E-03,-147.362E-03
+30.900E-03,-251.382E-03,-147.362E-03
+31.000E-03,-253.894E-03,-147.362E-03
+31.100E-03,-217.462E-03,-161.181E-03
+31.200E-03,-217.462E-03,-147.362E-03
+31.300E-03,-217.462E-03,-187.563E-03
+31.400E-03,-217.462E-03,-187.563E-03
+31.500E-03,-217.462E-03,-173.744E-03
+31.600E-03,-177.261E-03,-187.563E-03
+31.700E-03,-211.181E-03,-187.563E-03
+31.800E-03,-181.030E-03,-187.563E-03
+31.900E-03,-177.261E-03,-187.563E-03
+32.000E-03,-177.261E-03,-187.563E-03
+32.100E-03,-211.181E-03,-187.563E-03
+32.200E-03,-177.261E-03,-187.563E-03
+32.300E-03,-177.261E-03,-187.563E-03
+32.400E-03,-177.261E-03,-227.764E-03
+32.500E-03,-177.261E-03,-193.844E-03
+32.600E-03,-140.829E-03,-223.995E-03
+32.700E-03,-137.060E-03,-187.563E-03
+32.800E-03,-137.060E-03,-227.764E-03
+32.900E-03,-137.060E-03,-227.764E-03
+33.000E-03,-140.829E-03,-191.332E-03
+33.100E-03,-137.060E-03,-187.563E-03
+33.200E-03,-113.191E-03,-211.432E-03
+33.300E-03,-103.141E-03,-221.482E-03
+33.400E-03,-100.628E-03,-223.995E-03
+33.500E-03,-96.859E-03,-187.563E-03
+33.600E-03,-96.859E-03,-227.764E-03
+33.700E-03,-96.859E-03,-227.764E-03
+33.800E-03,-96.859E-03,-187.563E-03
+33.900E-03,-96.859E-03,-187.563E-03
+34.000E-03,-96.859E-03,-187.563E-03
+34.100E-03,-56.658E-03,-187.563E-03
+34.200E-03,-56.658E-03,-187.563E-03
+34.300E-03,-83.040E-03,-201.382E-03
+34.400E-03,-56.658E-03,-203.894E-03
+34.500E-03,-50.377E-03,-187.563E-03
+34.600E-03,-56.658E-03,-183.794E-03
+34.700E-03,-56.658E-03,-187.563E-03
+34.800E-03,-32.789E-03,-187.563E-03
+34.900E-03,-16.457E-03,-187.563E-03
+35.000E-03,-16.457E-03,-187.563E-03
+35.100E-03,-16.457E-03,-161.181E-03
+35.200E-03,-16.457E-03,-163.693E-03
+35.300E-03,-16.457E-03,-181.281E-03
+35.400E-03,-16.457E-03,-183.794E-03
+35.500E-03,-16.457E-03,-147.362E-03
+35.600E-03,-16.457E-03,-147.362E-03
+35.700E-03,-16.457E-03,-147.362E-03
+35.800E-03,-16.457E-03,-147.362E-03
+35.900E-03,-2.638E-03,-147.362E-03
+36.000E-03,+23.744E-03,-147.362E-03
+36.100E-03,-16.457E-03,-107.161E-03
+36.200E-03,-16.457E-03,-110.930E-03
+36.300E-03,+23.744E-03,-107.161E-03
+36.400E-03,+7.412E-03,-123.492E-03
+36.500E-03,+23.744E-03,-107.161E-03
+36.600E-03,+23.744E-03,-107.161E-03
+36.700E-03,+23.744E-03,-107.161E-03
+36.800E-03,+23.744E-03,-107.161E-03
+36.900E-03,+23.744E-03,-107.161E-03
+37.000E-03,+23.744E-03,-107.161E-03
+37.100E-03,+23.744E-03,-107.161E-03
+37.200E-03,+23.744E-03,-90.829E-03
+37.300E-03,+57.663E-03,-66.960E-03
+37.400E-03,+23.744E-03,-66.960E-03
+37.500E-03,+23.744E-03,-66.960E-03
+37.600E-03,+47.613E-03,-66.960E-03
+37.700E-03,+23.744E-03,-66.960E-03
+37.800E-03,+23.744E-03,-66.960E-03
+37.900E-03,+50.126E-03,-40.578E-03
+38.000E-03,+23.744E-03,-26.759E-03
+38.100E-03,+57.663E-03,-60.678E-03
+38.200E-03,+23.744E-03,-26.759E-03
+38.300E-03,+23.744E-03,-26.759E-03
+38.400E-03,+23.744E-03,-26.759E-03
+38.500E-03,+23.744E-03,-26.759E-03
+38.600E-03,+23.744E-03,+13.442E-03
+38.700E-03,+23.744E-03,-12.940E-03
+38.800E-03,+23.744E-03,+13.442E-03
+38.900E-03,+23.744E-03,+7.161E-03
+39.000E-03,+23.744E-03,+13.442E-03
+39.100E-03,+23.744E-03,+13.442E-03
+39.200E-03,+23.744E-03,+13.442E-03
+39.300E-03,+23.744E-03,+13.442E-03
+39.400E-03,+23.744E-03,+49.874E-03
+39.500E-03,-2.638E-03,+13.442E-03
+39.600E-03,+23.744E-03,+13.442E-03
+39.700E-03,+23.744E-03,+47.362E-03
+39.800E-03,+23.744E-03,+53.643E-03
+39.900E-03,+23.744E-03,+53.643E-03
+40.000E-03,-16.457E-03,+53.643E-03
+40.100E-03,-10.176E-03,+53.643E-03
+40.200E-03,+19.975E-03,+53.643E-03
+40.300E-03,-16.457E-03,+53.643E-03
+40.400E-03,-16.457E-03,+69.975E-03
+40.500E-03,-16.457E-03,+53.643E-03
+40.600E-03,-16.457E-03,+57.412E-03
+40.700E-03,-16.457E-03,+53.643E-03
+40.800E-03,-16.457E-03,+69.975E-03
+40.900E-03,-16.457E-03,+87.563E-03
+41.000E-03,-16.457E-03,+57.412E-03
+41.100E-03,-16.457E-03,+80.025E-03
+41.200E-03,-16.457E-03,+93.844E-03
+41.300E-03,-22.739E-03,+93.844E-03
+41.400E-03,-20.226E-03,+93.844E-03
+41.500E-03,-56.658E-03,+93.844E-03
+41.600E-03,-56.658E-03,+53.643E-03
+41.700E-03,-56.658E-03,+93.844E-03
+41.800E-03,-56.658E-03,+97.613E-03
+41.900E-03,-56.658E-03,+120.226E-03
+42.000E-03,-56.658E-03,+93.844E-03
+42.100E-03,-56.658E-03,+59.925E-03
+42.200E-03,-56.658E-03,+93.844E-03
+42.300E-03,-83.040E-03,+53.643E-03
+42.400E-03,-56.658E-03,+134.045E-03
+42.500E-03,-56.658E-03,+134.045E-03
+42.600E-03,-93.090E-03,+130.276E-03
+42.700E-03,-96.859E-03,+53.643E-03
+42.800E-03,-96.859E-03,+69.975E-03
+42.900E-03,-96.859E-03,+93.844E-03
+43.000E-03,-96.859E-03,+130.276E-03
+43.100E-03,-96.859E-03,+93.844E-03
+43.200E-03,-96.859E-03,+93.844E-03
+43.300E-03,-96.859E-03,+93.844E-03
+43.400E-03,-96.859E-03,+90.075E-03
+43.500E-03,-137.060E-03,+93.844E-03
+43.600E-03,-120.729E-03,+93.844E-03
+43.700E-03,-103.141E-03,+93.844E-03
+43.800E-03,-137.060E-03,+90.075E-03
+43.900E-03,-137.060E-03,+93.844E-03
+44.000E-03,-137.060E-03,+77.513E-03
+44.100E-03,-137.060E-03,+53.643E-03
+44.200E-03,-140.829E-03,+57.412E-03
+44.300E-03,-177.261E-03,+67.462E-03
+44.400E-03,-137.060E-03,+93.844E-03
+44.500E-03,-170.980E-03,+53.643E-03
+44.600E-03,-177.261E-03,+53.643E-03
+44.700E-03,-150.879E-03,+53.643E-03
+44.800E-03,-153.392E-03,+69.975E-03
+44.900E-03,-177.261E-03,+53.643E-03
+45.000E-03,-177.261E-03,+53.643E-03
+45.100E-03,-177.261E-03,+53.643E-03
+45.200E-03,-177.261E-03,+29.774E-03
+45.300E-03,-177.261E-03,+13.442E-03
+45.400E-03,-177.261E-03,+13.442E-03
+45.500E-03,-177.261E-03,+53.643E-03
+45.600E-03,-193.593E-03,+53.643E-03
+45.700E-03,-177.261E-03,+13.442E-03
+45.800E-03,-177.261E-03,+13.442E-03
+45.900E-03,-203.643E-03,+13.442E-03
+46.000E-03,-177.261E-03,+13.442E-03
+46.100E-03,-177.261E-03,+13.442E-03
+46.200E-03,-177.261E-03,+13.442E-03
+46.300E-03,-177.261E-03,+13.442E-03
+46.400E-03,-193.593E-03,-10.427E-03
+46.500E-03,-177.261E-03,+7.161E-03
+46.600E-03,-177.261E-03,+13.442E-03
+46.700E-03,-177.261E-03,+13.442E-03
+46.800E-03,-177.261E-03,-2.889E-03
+46.900E-03,-211.181E-03,-26.759E-03
+47.000E-03,-177.261E-03,-63.191E-03
+47.100E-03,-177.261E-03,-26.759E-03
+47.200E-03,-177.261E-03,-26.759E-03
+47.300E-03,-177.261E-03,-66.960E-03
+47.400E-03,-177.261E-03,-26.759E-03
+47.500E-03,-177.261E-03,-66.960E-03
+47.600E-03,-177.261E-03,-66.960E-03
+47.700E-03,-177.261E-03,-66.960E-03
+47.800E-03,-213.693E-03,-66.960E-03
+47.900E-03,-177.261E-03,-66.960E-03
+48.000E-03,-177.261E-03,-66.960E-03
+48.100E-03,-177.261E-03,-66.960E-03
+48.200E-03,-177.261E-03,-103.392E-03
+48.300E-03,-177.261E-03,-93.342E-03
+48.400E-03,-177.261E-03,-107.161E-03
+48.500E-03,-177.261E-03,-107.161E-03
+48.600E-03,-137.060E-03,-66.960E-03
+48.700E-03,-137.060E-03,-107.161E-03
+48.800E-03,-137.060E-03,-90.829E-03
+48.900E-03,-170.980E-03,-107.161E-03
+49.000E-03,-137.060E-03,-107.161E-03
+49.100E-03,-137.060E-03,-107.161E-03
+49.200E-03,-137.060E-03,-107.161E-03
+49.300E-03,-137.060E-03,-100.879E-03
+49.400E-03,-137.060E-03,-143.593E-03
+49.500E-03,-137.060E-03,-133.543E-03
+49.600E-03,-96.859E-03,-131.030E-03
+49.700E-03,-137.060E-03,-107.161E-03
+49.800E-03,-137.060E-03,-110.930E-03
+49.900E-03,-96.859E-03,-107.161E-03
+50.000E-03,-96.859E-03,-107.161E-03
+50.100E-03,-96.859E-03,-107.161E-03
+50.200E-03,-96.859E-03,-147.362E-03
+50.300E-03,-96.859E-03,-93.342E-03
+50.400E-03,-96.859E-03,-107.161E-03
+50.500E-03,-96.859E-03,-107.161E-03
+50.600E-03,-60.427E-03,-107.161E-03
+50.700E-03,-83.040E-03,-107.161E-03
+50.800E-03,-72.990E-03,-131.030E-03
+50.900E-03,-56.658E-03,-113.442E-03
+51.000E-03,-56.658E-03,-107.161E-03
+51.100E-03,-56.658E-03,-93.342E-03
+51.200E-03,-56.658E-03,-107.161E-03
+51.300E-03,-56.658E-03,-107.161E-03
+51.400E-03,-56.658E-03,-107.161E-03
+51.500E-03,-83.040E-03,-80.779E-03
+51.600E-03,-56.658E-03,-66.960E-03
+51.700E-03,-56.658E-03,-66.960E-03
+51.800E-03,-56.658E-03,-66.960E-03
+51.900E-03,-30.276E-03,-107.161E-03
+52.000E-03,-16.457E-03,-107.161E-03
+52.100E-03,-50.377E-03,-141.080E-03
+52.200E-03,-52.889E-03,-107.161E-03
+52.300E-03,-16.457E-03,-66.960E-03
+52.400E-03,-16.457E-03,-66.960E-03
+52.500E-03,-16.457E-03,-73.241E-03
+52.600E-03,-16.457E-03,-107.161E-03
+52.700E-03,-16.457E-03,-107.161E-03
+52.800E-03,-16.457E-03,-90.829E-03
+52.900E-03,-16.457E-03,-107.161E-03
+53.000E-03,-16.457E-03,-30.528E-03
+53.100E-03,-16.457E-03,-40.578E-03
+53.200E-03,+23.744E-03,-90.829E-03
+53.300E-03,-16.457E-03,-153.643E-03
+53.400E-03,-16.457E-03,-147.362E-03
+53.500E-03,+9.925E-03,-107.161E-03
+53.600E-03,-126E-06,-26.759E-03
+53.700E-03,+23.744E-03,-26.759E-03
+53.800E-03,+23.744E-03,-26.759E-03
+53.900E-03,-2.638E-03,-107.161E-03
+54.000E-03,-126E-06,-171.231E-03
+54.100E-03,+23.744E-03,-73.241E-03
+54.200E-03,+23.744E-03,-22.990E-03
+54.300E-03,+23.744E-03,+27.261E-03
+54.400E-03,+7.412E-03,-66.960E-03
+54.500E-03,+23.744E-03,-73.241E-03
+54.600E-03,+23.744E-03,-107.161E-03
+54.700E-03,+9.925E-03,-66.960E-03
+54.800E-03,+23.744E-03,-26.759E-03
+54.900E-03,-10.176E-03,+13.442E-03
+55.000E-03,+23.744E-03,+13.442E-03
+55.100E-03,+23.744E-03,-66.960E-03
+55.200E-03,-126E-06,-107.161E-03
+55.300E-03,+17.462E-03,-66.960E-03
+55.400E-03,+19.975E-03,+17.211E-03
+55.500E-03,-16.457E-03,+53.643E-03
+55.600E-03,-16.457E-03,+13.442E-03
+55.700E-03,-10.176E-03,-60.678E-03
+55.800E-03,+19.975E-03,-66.960E-03
+55.900E-03,-16.457E-03,-26.759E-03
+56.000E-03,-16.457E-03,+13.442E-03
+56.100E-03,-16.457E-03,+53.643E-03
+56.200E-03,-16.457E-03,+13.442E-03
+56.300E-03,-16.457E-03,-66.960E-03
+56.400E-03,-16.457E-03,-66.960E-03
+56.500E-03,-16.457E-03,-26.759E-03
+56.600E-03,-16.457E-03,+53.643E-03
+56.700E-03,-16.457E-03,+53.643E-03
+56.800E-03,-40.327E-03,+13.442E-03
+56.900E-03,-56.658E-03,-33.040E-03
+57.000E-03,-56.658E-03,-30.528E-03
+57.100E-03,-30.276E-03,-26.759E-03
+57.200E-03,-56.658E-03,+53.643E-03
+57.300E-03,-22.739E-03,+53.643E-03
+57.400E-03,-56.658E-03,+9.673E-03
+57.500E-03,-42.839E-03,-26.759E-03
+57.600E-03,-56.658E-03,-26.759E-03
+57.700E-03,-56.658E-03,+7.161E-03
+57.800E-03,-56.658E-03,+49.874E-03
+57.900E-03,-56.658E-03,+27.261E-03
+58.000E-03,-56.658E-03,+13.442E-03
+58.100E-03,-56.658E-03,-26.759E-03
+58.200E-03,-56.658E-03,-63.191E-03
+58.300E-03,-83.040E-03,-26.759E-03
+58.400E-03,-96.859E-03,+13.442E-03
+58.500E-03,-96.859E-03,+13.442E-03
+58.600E-03,-96.859E-03,+13.442E-03
+58.700E-03,-96.859E-03,-26.759E-03
+58.800E-03,-80.528E-03,-66.960E-03
+58.900E-03,-96.859E-03,-26.759E-03
+59.000E-03,-96.859E-03,-26.759E-03
+59.100E-03,-96.859E-03,-26.759E-03
+59.200E-03,-96.859E-03,-26.759E-03
+59.300E-03,-96.859E-03,-66.960E-03
+59.400E-03,-96.859E-03,-66.960E-03
+59.500E-03,-96.859E-03,-93.342E-03
+59.600E-03,-72.990E-03,-26.759E-03
+59.700E-03,-96.859E-03,-26.759E-03
+59.800E-03,-96.859E-03,-30.528E-03
+59.900E-03,-96.859E-03,-66.960E-03
+60.000E-03,-96.859E-03,-66.960E-03
+60.100E-03,-96.859E-03,-73.241E-03
+60.200E-03,-96.859E-03,-66.960E-03
+60.300E-03,-96.859E-03,-40.578E-03
+60.400E-03,-96.859E-03,-66.960E-03
+60.500E-03,-62.940E-03,-107.161E-03
+60.600E-03,-96.859E-03,-107.161E-03
+60.700E-03,-96.859E-03,-107.161E-03
+60.800E-03,-96.859E-03,-66.960E-03
+60.900E-03,-56.658E-03,-66.960E-03
+61.000E-03,-56.658E-03,-70.729E-03
+61.100E-03,-56.658E-03,-107.161E-03
+61.200E-03,-72.990E-03,-107.161E-03
+61.300E-03,-56.658E-03,-107.161E-03
+61.400E-03,-56.658E-03,-103.392E-03
+61.500E-03,-70.477E-03,-80.779E-03
+61.600E-03,-56.658E-03,-83.291E-03
+61.700E-03,-56.658E-03,-107.161E-03
+61.800E-03,-56.658E-03,-107.161E-03
+61.900E-03,-56.658E-03,-120.980E-03
+62.000E-03,-56.658E-03,-107.161E-03
+62.100E-03,-56.658E-03,-107.161E-03
+62.200E-03,-20.226E-03,-107.161E-03
+62.300E-03,-42.839E-03,-107.161E-03
+62.400E-03,-32.789E-03,-107.161E-03
+62.500E-03,-16.457E-03,-107.161E-03
+62.600E-03,-20.226E-03,-107.161E-03
+62.700E-03,-16.457E-03,-107.161E-03
+62.800E-03,-16.457E-03,-90.829E-03
+62.900E-03,-16.457E-03,-107.161E-03
+63.000E-03,-16.457E-03,-107.161E-03
+63.100E-03,+9.925E-03,-107.161E-03
+63.200E-03,-16.457E-03,-107.161E-03
+63.300E-03,-16.457E-03,-107.161E-03
+63.400E-03,+19.975E-03,-107.161E-03
+63.500E-03,-16.457E-03,-107.161E-03
+63.600E-03,-126E-06,-107.161E-03
+63.700E-03,-10.176E-03,-107.161E-03
+63.800E-03,+23.744E-03,-107.161E-03
+63.900E-03,+23.744E-03,-80.779E-03
+64.000E-03,+23.744E-03,-107.161E-03
+64.100E-03,+23.744E-03,-100.879E-03
+64.200E-03,+23.744E-03,-107.161E-03
+64.300E-03,+23.744E-03,-107.161E-03
+64.400E-03,+23.744E-03,-107.161E-03
+64.500E-03,+23.744E-03,-107.161E-03
+64.600E-03,+60.176E-03,-107.161E-03
+64.700E-03,+23.744E-03,-80.779E-03
+64.800E-03,+47.613E-03,-90.829E-03
+64.900E-03,+57.663E-03,-107.161E-03
+65.000E-03,+63.945E-03,-107.161E-03
+65.100E-03,+63.945E-03,-80.779E-03
+65.200E-03,+47.613E-03,-83.291E-03
+65.300E-03,+63.945E-03,-66.960E-03
+65.400E-03,+63.945E-03,-107.161E-03
+65.500E-03,+63.945E-03,-66.960E-03
+65.600E-03,+63.945E-03,-66.960E-03
+65.700E-03,+63.945E-03,-66.960E-03
+65.800E-03,+63.945E-03,-30.528E-03
+65.900E-03,+63.945E-03,-66.960E-03
+66.000E-03,+63.945E-03,-66.960E-03
+66.100E-03,+63.945E-03,-66.960E-03
+66.200E-03,+63.945E-03,-66.960E-03
+66.300E-03,+63.945E-03,-53.141E-03
+66.400E-03,+63.945E-03,-43.090E-03
+66.500E-03,+63.945E-03,-60.678E-03
+66.600E-03,+63.945E-03,-66.960E-03
+66.700E-03,+63.945E-03,-26.759E-03
+66.800E-03,+63.945E-03,-26.759E-03
+66.900E-03,+63.945E-03,-26.759E-03
+67.000E-03,+63.945E-03,-26.759E-03
+67.100E-03,+63.945E-03,-26.759E-03
+67.200E-03,+63.945E-03,-10.427E-03
+67.300E-03,+30.025E-03,-26.759E-03
+67.400E-03,+63.945E-03,-26.759E-03
+67.500E-03,+37.563E-03,-26.759E-03
+67.600E-03,+63.945E-03,-10.427E-03
+67.700E-03,+63.945E-03,+7.161E-03
+67.800E-03,+27.513E-03,+13.442E-03
+67.900E-03,+37.563E-03,+13.442E-03
+68.000E-03,+40.075E-03,-2.889E-03
+68.100E-03,+63.945E-03,+7.161E-03
+68.200E-03,+23.744E-03,+13.442E-03
+68.300E-03,+23.744E-03,+13.442E-03
+68.400E-03,+23.744E-03,+13.442E-03
+68.500E-03,+23.744E-03,+13.442E-03
+68.600E-03,+23.744E-03,+13.442E-03
+68.700E-03,+23.744E-03,+13.442E-03
+68.800E-03,+23.744E-03,+13.442E-03
+68.900E-03,+23.744E-03,+13.442E-03
+69.000E-03,+23.744E-03,+49.874E-03
+69.100E-03,+23.744E-03,+13.442E-03
+69.200E-03,+23.744E-03,+37.312E-03
+69.300E-03,-10.176E-03,+47.362E-03
+69.400E-03,+23.744E-03,+17.211E-03
+69.500E-03,+23.744E-03,+53.643E-03
+69.600E-03,+23.744E-03,+53.643E-03
+69.700E-03,-16.457E-03,+53.643E-03
+69.800E-03,+19.975E-03,+53.643E-03
+69.900E-03,-16.457E-03,+27.261E-03
+70.000E-03,-16.457E-03,+77.513E-03
+70.100E-03,-16.457E-03,+19.724E-03
+70.200E-03,-16.457E-03,+57.412E-03
+70.300E-03,-16.457E-03,+53.643E-03
+70.400E-03,-16.457E-03,+53.643E-03
+70.500E-03,-16.457E-03,+53.643E-03
+70.600E-03,-16.457E-03,+53.643E-03
+70.700E-03,-42.839E-03,+53.643E-03
+70.800E-03,-40.327E-03,+53.643E-03
+70.900E-03,-50.377E-03,+53.643E-03
+71.000E-03,-52.889E-03,+53.643E-03
+71.100E-03,-42.839E-03,+53.643E-03
+71.200E-03,-16.457E-03,+13.442E-03
+71.300E-03,-22.739E-03,+53.643E-03
+71.400E-03,-56.658E-03,+53.643E-03
+71.500E-03,-30.276E-03,+39.824E-03
+71.600E-03,-56.658E-03,+37.312E-03
+71.700E-03,-56.658E-03,+53.643E-03
+71.800E-03,-56.658E-03,+53.643E-03
+71.900E-03,-56.658E-03,+53.643E-03
+72.000E-03,-56.658E-03,+29.774E-03
+72.100E-03,-56.658E-03,+13.442E-03
+72.200E-03,-56.658E-03,+53.643E-03
+72.300E-03,-56.658E-03,+13.442E-03
+72.400E-03,-56.658E-03,+13.442E-03
+72.500E-03,-56.658E-03,+13.442E-03
+72.600E-03,-56.658E-03,+13.442E-03
+72.700E-03,-56.658E-03,-377E-06
+72.800E-03,-56.658E-03,+13.442E-03
+72.900E-03,-56.658E-03,+13.442E-03
+73.000E-03,-56.658E-03,+13.442E-03
+73.100E-03,-56.658E-03,+13.442E-03
+73.200E-03,-56.658E-03,-10.427E-03
+73.300E-03,-56.658E-03,+13.442E-03
+73.400E-03,-56.658E-03,-26.759E-03
+73.500E-03,-56.658E-03,+13.442E-03
+73.600E-03,-56.658E-03,-26.759E-03
+73.700E-03,-56.658E-03,-20.477E-03
+73.800E-03,-56.658E-03,-22.990E-03
+73.900E-03,-56.658E-03,-26.759E-03
+74.000E-03,-56.658E-03,-26.759E-03
+74.100E-03,-56.658E-03,-26.759E-03
+74.200E-03,-52.889E-03,-26.759E-03
+74.300E-03,-56.658E-03,-26.759E-03
+74.400E-03,-32.789E-03,-43.090E-03
+74.500E-03,-22.739E-03,-66.960E-03
+74.600E-03,-56.658E-03,-26.759E-03
+74.700E-03,-42.839E-03,-66.960E-03
+74.800E-03,-16.457E-03,-66.960E-03
+74.900E-03,-56.658E-03,-66.960E-03
+75.000E-03,-20.226E-03,-66.960E-03
+75.100E-03,-56.658E-03,-66.960E-03
+75.200E-03,-32.789E-03,-66.960E-03
+75.300E-03,-50.377E-03,-66.960E-03
+75.400E-03,-16.457E-03,-103.392E-03
+75.500E-03,-16.457E-03,-80.779E-03
+75.600E-03,-32.789E-03,-90.829E-03
+75.700E-03,-16.457E-03,-66.960E-03
+75.800E-03,-16.457E-03,-70.729E-03
+75.900E-03,-16.457E-03,-93.342E-03
+76.000E-03,-16.457E-03,-83.291E-03
+76.100E-03,-16.457E-03,-66.960E-03
+76.200E-03,-16.457E-03,-107.161E-03
+76.300E-03,-16.457E-03,-107.161E-03
+76.400E-03,-16.457E-03,-107.161E-03
+76.500E-03,-16.457E-03,-107.161E-03
+76.600E-03,-16.457E-03,-107.161E-03
+76.700E-03,-16.457E-03,-107.161E-03
+76.800E-03,-16.457E-03,-107.161E-03
+76.900E-03,+17.462E-03,-107.161E-03
+77.000E-03,-16.457E-03,-107.161E-03
+77.100E-03,+9.925E-03,-107.161E-03
+77.200E-03,+23.744E-03,-107.161E-03
+77.300E-03,-10.176E-03,-107.161E-03
+77.400E-03,+23.744E-03,-107.161E-03
+77.500E-03,+23.744E-03,-107.161E-03
+77.600E-03,+23.744E-03,-107.161E-03
+77.700E-03,+23.744E-03,-107.161E-03
+77.800E-03,+23.744E-03,-70.729E-03
+77.900E-03,+23.744E-03,-107.161E-03
+78.000E-03,+23.744E-03,-107.161E-03
+78.100E-03,+23.744E-03,-100.879E-03
+78.200E-03,+23.744E-03,-103.392E-03
+78.300E-03,+23.744E-03,-107.161E-03
+78.400E-03,+23.744E-03,-107.161E-03
+78.500E-03,+23.744E-03,-107.161E-03
+78.600E-03,+23.744E-03,-70.729E-03
+78.700E-03,+23.744E-03,-93.342E-03
+78.800E-03,+23.744E-03,-83.291E-03
+78.900E-03,+23.744E-03,-66.960E-03
+79.000E-03,+23.744E-03,-70.729E-03
+79.100E-03,+23.744E-03,-66.960E-03
+79.200E-03,+23.744E-03,-66.960E-03
+79.300E-03,+23.744E-03,-66.960E-03
+79.400E-03,+23.744E-03,-66.960E-03
+79.500E-03,+23.744E-03,-66.960E-03
+79.600E-03,+23.744E-03,-66.960E-03
+79.700E-03,+30.025E-03,-66.960E-03
+79.800E-03,+23.744E-03,-66.960E-03
+79.900E-03,+23.744E-03,-66.960E-03
+80.000E-03,+23.744E-03,-66.960E-03
+80.100E-03,+23.744E-03,-60.678E-03
+80.200E-03,+23.744E-03,-66.960E-03
+80.300E-03,+23.744E-03,-66.960E-03
+80.400E-03,+23.744E-03,-66.960E-03
+80.500E-03,+23.744E-03,-26.759E-03
+80.600E-03,+23.744E-03,-26.759E-03
+80.700E-03,+23.744E-03,-26.759E-03
+80.800E-03,+23.744E-03,-26.759E-03
+80.900E-03,+23.744E-03,-26.759E-03
+81.000E-03,+23.744E-03,-26.759E-03
+81.100E-03,+23.744E-03,-26.759E-03
+81.200E-03,+40.075E-03,-26.759E-03
+81.300E-03,+23.744E-03,-26.759E-03
+81.400E-03,+23.744E-03,-22.990E-03
+81.500E-03,+23.744E-03,-26.759E-03
+81.600E-03,+23.744E-03,-10.427E-03
+81.700E-03,+23.744E-03,+13.442E-03
+81.800E-03,+23.744E-03,+13.442E-03
+81.900E-03,+9.925E-03,-377E-06
+82.000E-03,+23.744E-03,+13.442E-03
+82.100E-03,+23.744E-03,+13.442E-03
+82.200E-03,+23.744E-03,+13.442E-03
+82.300E-03,-2.638E-03,+13.442E-03
+82.400E-03,+23.744E-03,+13.442E-03
+82.500E-03,-10.176E-03,+13.442E-03
+82.600E-03,-16.457E-03,+13.442E-03
+82.700E-03,+23.744E-03,+13.442E-03
+82.800E-03,+7.412E-03,+13.442E-03
+82.900E-03,+17.462E-03,+13.442E-03
+83.000E-03,+23.744E-03,+13.442E-03
+83.100E-03,-16.457E-03,+13.442E-03
+83.200E-03,-16.457E-03,+29.774E-03
+83.300E-03,-10.176E-03,+13.442E-03
+83.400E-03,-12.688E-03,+13.442E-03
+83.500E-03,-2.638E-03,+13.442E-03
+83.600E-03,-16.457E-03,+13.442E-03
+83.700E-03,-16.457E-03,+13.442E-03
+83.800E-03,-16.457E-03,+13.442E-03
+83.900E-03,-16.457E-03,+13.442E-03
+84.000E-03,-16.457E-03,+13.442E-03
+84.100E-03,-16.457E-03,+13.442E-03
+84.200E-03,-16.457E-03,+13.442E-03
+84.300E-03,-16.457E-03,+13.442E-03
+84.400E-03,-16.457E-03,+29.774E-03
+84.500E-03,-16.457E-03,+13.442E-03
+84.600E-03,-16.457E-03,+13.442E-03
+84.700E-03,-16.457E-03,+13.442E-03
+84.800E-03,-16.457E-03,+13.442E-03
+84.900E-03,-16.457E-03,+47.362E-03
+85.000E-03,-16.457E-03,+13.442E-03
+85.100E-03,-16.457E-03,+13.442E-03
+85.200E-03,-40.327E-03,+13.442E-03
+85.300E-03,-16.457E-03,+13.442E-03
+85.400E-03,-16.457E-03,+13.442E-03
+85.500E-03,-16.457E-03,-377E-06
+85.600E-03,-40.327E-03,+13.442E-03
+85.700E-03,-56.658E-03,-20.477E-03
+85.800E-03,-20.226E-03,-26.759E-03
+85.900E-03,-56.658E-03,-12.940E-03
+86.000E-03,-56.658E-03,+13.442E-03
+86.100E-03,-50.377E-03,-20.477E-03
+86.200E-03,-20.226E-03,-26.759E-03
+86.300E-03,-16.457E-03,-26.759E-03
+86.400E-03,-56.658E-03,-10.427E-03
+86.500E-03,-50.377E-03,-20.477E-03
+86.600E-03,-52.889E-03,-26.759E-03
+86.700E-03,-30.276E-03,-26.759E-03
+86.800E-03,-32.789E-03,-26.759E-03
+86.900E-03,-22.739E-03,-26.759E-03
+87.000E-03,-16.457E-03,-63.191E-03
+87.100E-03,-16.457E-03,-26.759E-03
+87.200E-03,-16.457E-03,-50.628E-03
+87.300E-03,-22.739E-03,-66.960E-03
+87.400E-03,-20.226E-03,-26.759E-03
+87.500E-03,-56.658E-03,-40.578E-03
+87.600E-03,-40.327E-03,-26.759E-03
+87.700E-03,-22.739E-03,-66.960E-03
+87.800E-03,-56.658E-03,-66.960E-03
+87.900E-03,-56.658E-03,-66.960E-03
+88.000E-03,-56.658E-03,-66.960E-03
+88.100E-03,-50.377E-03,-66.960E-03
+88.200E-03,-52.889E-03,-66.960E-03
+88.300E-03,-30.276E-03,-66.960E-03
+88.400E-03,-32.789E-03,-66.960E-03
+88.500E-03,-22.739E-03,-66.960E-03
+88.600E-03,-16.457E-03,-66.960E-03
+88.700E-03,-16.457E-03,-66.960E-03
+88.800E-03,-16.457E-03,-66.960E-03
+88.900E-03,-50.377E-03,-66.960E-03
+89.000E-03,-16.457E-03,-66.960E-03
+89.100E-03,-16.457E-03,-66.960E-03
+89.200E-03,-16.457E-03,-66.960E-03
+89.300E-03,-16.457E-03,-66.960E-03
+89.400E-03,-16.457E-03,-66.960E-03
+89.500E-03,-16.457E-03,-66.960E-03
+89.600E-03,-16.457E-03,-90.829E-03
+89.700E-03,-16.457E-03,-66.960E-03
+89.800E-03,-16.457E-03,-66.960E-03
+89.900E-03,-16.457E-03,-93.342E-03
+90.000E-03,-16.457E-03,-66.960E-03
+90.100E-03,-16.457E-03,-66.960E-03
+90.200E-03,-16.457E-03,-107.161E-03
+90.300E-03,-16.457E-03,-66.960E-03
+90.400E-03,-16.457E-03,-83.291E-03
+90.500E-03,-16.457E-03,-66.960E-03
+90.600E-03,+19.975E-03,-103.392E-03
+90.700E-03,-16.457E-03,-66.960E-03
+90.800E-03,-16.457E-03,-90.829E-03
+90.900E-03,+17.462E-03,-66.960E-03
+91.000E-03,-16.457E-03,-66.960E-03
+91.100E-03,+9.925E-03,-66.960E-03
+91.200E-03,+7.412E-03,-66.960E-03
+91.300E-03,-10.176E-03,-66.960E-03
+91.400E-03,+19.975E-03,-66.960E-03
+91.500E-03,+9.925E-03,-66.960E-03
+91.600E-03,+7.412E-03,-66.960E-03
+91.700E-03,-16.457E-03,-66.960E-03
+91.800E-03,+19.975E-03,-66.960E-03
+91.900E-03,+9.925E-03,-40.578E-03
+92.000E-03,+23.744E-03,-66.960E-03
+92.100E-03,+23.744E-03,-66.960E-03
+92.200E-03,-12.688E-03,-63.191E-03
+92.300E-03,+23.744E-03,-40.578E-03
+92.400E-03,+7.412E-03,-66.960E-03
+92.500E-03,+23.744E-03,-60.678E-03
+92.600E-03,+23.744E-03,-26.759E-03
+92.700E-03,+9.925E-03,-53.141E-03
+92.800E-03,+23.744E-03,-26.759E-03
+92.900E-03,+23.744E-03,-60.678E-03
+93.000E-03,+23.744E-03,-26.759E-03
+93.100E-03,+23.744E-03,-26.759E-03
+93.200E-03,+23.744E-03,-26.759E-03
+93.300E-03,+23.744E-03,-33.040E-03
+93.400E-03,+60.176E-03,-26.759E-03
+93.500E-03,+23.744E-03,-26.759E-03
+93.600E-03,+23.744E-03,-26.759E-03
+93.700E-03,+57.663E-03,+7.161E-03
+93.800E-03,+23.744E-03,-22.990E-03
+93.900E-03,+23.744E-03,-377E-06
+94.000E-03,+23.744E-03,-26.759E-03
+94.100E-03,+23.744E-03,-26.759E-03
+94.200E-03,+23.744E-03,+9.673E-03
+94.300E-03,+23.744E-03,-377E-06
+94.400E-03,+23.744E-03,-2.889E-03
+94.500E-03,+23.744E-03,+7.161E-03
+94.600E-03,+23.744E-03,-22.990E-03
+94.700E-03,+23.744E-03,-12.940E-03
+94.800E-03,+23.744E-03,+13.442E-03
+94.900E-03,+23.744E-03,+13.442E-03
+95.000E-03,+23.744E-03,+13.442E-03
+95.100E-03,+23.744E-03,+13.442E-03
+95.200E-03,+23.744E-03,-2.889E-03
+95.300E-03,+23.744E-03,-20.477E-03
+95.400E-03,+19.975E-03,+9.673E-03
+95.500E-03,+23.744E-03,-377E-06
+95.600E-03,+23.744E-03,+13.442E-03
+95.700E-03,-10.176E-03,+13.442E-03
+95.800E-03,+23.744E-03,+13.442E-03
+95.900E-03,+9.925E-03,+13.442E-03
+96.000E-03,+7.412E-03,+13.442E-03
+96.100E-03,+23.744E-03,+13.442E-03
+96.200E-03,+19.975E-03,+13.442E-03
+96.300E-03,+9.925E-03,+13.442E-03
+96.400E-03,-126E-06,+13.442E-03
+96.500E-03,+23.744E-03,+13.442E-03
+96.600E-03,+19.975E-03,+13.442E-03
+96.700E-03,-2.638E-03,+13.442E-03
+96.800E-03,-16.457E-03,+13.442E-03
+96.900E-03,+17.462E-03,+7.161E-03
+97.000E-03,-12.688E-03,+13.442E-03
+97.100E-03,-16.457E-03,+13.442E-03
+97.200E-03,-16.457E-03,-2.889E-03
+97.300E-03,-16.457E-03,+13.442E-03
+97.400E-03,-16.457E-03,+13.442E-03
+97.500E-03,-16.457E-03,+13.442E-03
+97.600E-03,+7.412E-03,-10.427E-03
+97.700E-03,-16.457E-03,+13.442E-03
+97.800E-03,-16.457E-03,+13.442E-03
+97.900E-03,-16.457E-03,-26.759E-03
+98.000E-03,-16.457E-03,+13.442E-03
+98.100E-03,-16.457E-03,-20.477E-03
+98.200E-03,-16.457E-03,+13.442E-03
+98.300E-03,-16.457E-03,+13.442E-03
+98.400E-03,-16.457E-03,-10.427E-03
+98.500E-03,-16.457E-03,+13.442E-03
+98.600E-03,-16.457E-03,+9.673E-03
+98.700E-03,-16.457E-03,-26.759E-03
+98.800E-03,-16.457E-03,-26.759E-03
+98.900E-03,-16.457E-03,+7.161E-03
+99.000E-03,-16.457E-03,+9.673E-03
+99.100E-03,-16.457E-03,+13.442E-03
+99.200E-03,-16.457E-03,-26.759E-03
+99.300E-03,-16.457E-03,+7.161E-03
+99.400E-03,-56.658E-03,+5.905E-03
+99.500E-03,-30.276E-03,-26.759E-03
+99.600E-03,-16.457E-03,-26.759E-03
+99.700E-03,-22.739E-03,+7.161E-03
+99.800E-03,-16.457E-03,-26.759E-03
+99.900E-03,-42.839E-03,-26.759E-03
+100.000E-03,-16.457E-03,-26.759E-03
+100.100E-03,-16.457E-03,-26.759E-03
+100.200E-03,-16.457E-03,-26.759E-03
+100.300E-03,-16.457E-03,-26.759E-03
+100.400E-03,-40.327E-03,-50.628E-03
+100.500E-03,-16.457E-03,-26.759E-03
+100.600E-03,-16.457E-03,-26.759E-03
+100.700E-03,-56.658E-03,-53.141E-03
+100.800E-03,-40.327E-03,-66.960E-03
+100.900E-03,-22.739E-03,-33.040E-03
+101.000E-03,-52.889E-03,-30.528E-03
+101.100E-03,-16.457E-03,-53.141E-03
+101.200E-03,-16.457E-03,-66.960E-03
+101.300E-03,-16.457E-03,-66.960E-03
+101.400E-03,-16.457E-03,-103.392E-03
+101.500E-03,-16.457E-03,-66.960E-03
+101.600E-03,-16.457E-03,-66.960E-03
+101.700E-03,-22.739E-03,-66.960E-03
+101.800E-03,-16.457E-03,-66.960E-03
+101.900E-03,-16.457E-03,-66.960E-03
+102.000E-03,-16.457E-03,-66.960E-03
+102.100E-03,-16.457E-03,-66.960E-03
+102.200E-03,-16.457E-03,-66.960E-03
+102.300E-03,-16.457E-03,-66.960E-03
+102.400E-03,-56.658E-03,-66.960E-03
+102.500E-03,-16.457E-03,-66.960E-03
+102.600E-03,-16.457E-03,-66.960E-03
+102.700E-03,-16.457E-03,-66.960E-03
+102.800E-03,-32.789E-03,-66.960E-03
+102.900E-03,-16.457E-03,-66.960E-03
+103.000E-03,-52.889E-03,-66.960E-03
+103.100E-03,-16.457E-03,-66.960E-03
+103.200E-03,-16.457E-03,-66.960E-03
+103.300E-03,-16.457E-03,-66.960E-03
+103.400E-03,-16.457E-03,-66.960E-03
+103.500E-03,+9.925E-03,-66.960E-03
+103.600E-03,-16.457E-03,-66.960E-03
+103.700E-03,-16.457E-03,-66.960E-03
+103.800E-03,-16.457E-03,-66.960E-03
+103.900E-03,-16.457E-03,-66.960E-03
+104.000E-03,-16.457E-03,-66.960E-03
+104.100E-03,+17.462E-03,-66.960E-03
+104.200E-03,-16.457E-03,-66.960E-03
+104.300E-03,-16.457E-03,-66.960E-03
+104.400E-03,-16.457E-03,-66.960E-03
+104.500E-03,+17.462E-03,-66.960E-03
+104.600E-03,+19.975E-03,-66.960E-03
+104.700E-03,+23.744E-03,-66.960E-03
+104.800E-03,+23.744E-03,-66.960E-03
+104.900E-03,+23.744E-03,-66.960E-03
+105.000E-03,+23.744E-03,-66.960E-03
+105.100E-03,+23.744E-03,-66.960E-03
+105.200E-03,+7.412E-03,-66.960E-03
+105.300E-03,+23.744E-03,-66.960E-03
+105.400E-03,+23.744E-03,-66.960E-03
+105.500E-03,+9.925E-03,-66.960E-03
+105.600E-03,+23.744E-03,-66.960E-03
+105.700E-03,+23.744E-03,-60.678E-03
+105.800E-03,+23.744E-03,-66.960E-03
+105.900E-03,+23.744E-03,-66.960E-03
+106.000E-03,+23.744E-03,-66.960E-03
+106.100E-03,-10.176E-03,-66.960E-03
+106.200E-03,+23.744E-03,-66.960E-03
+106.300E-03,+23.744E-03,-66.960E-03
+106.400E-03,+23.744E-03,-66.960E-03
+106.500E-03,+23.744E-03,-33.040E-03
+106.600E-03,-12.688E-03,-30.528E-03
+106.700E-03,+23.744E-03,-53.141E-03
+106.800E-03,+23.744E-03,-66.960E-03
+106.900E-03,+23.744E-03,-60.678E-03
+107.000E-03,+23.744E-03,-26.759E-03
+107.100E-03,+23.744E-03,-66.960E-03
+107.200E-03,+23.744E-03,-50.628E-03
+107.300E-03,+23.744E-03,-26.759E-03
+107.400E-03,+23.744E-03,-30.528E-03
+107.500E-03,+23.744E-03,-26.759E-03
+107.600E-03,+23.744E-03,-26.759E-03
+107.700E-03,+23.744E-03,-26.759E-03
+107.800E-03,+23.744E-03,-26.759E-03
+107.900E-03,+23.744E-03,-26.759E-03
+108.000E-03,+23.744E-03,-26.759E-03
+108.100E-03,+23.744E-03,-26.759E-03
+108.200E-03,+23.744E-03,-26.759E-03
+108.300E-03,+23.744E-03,-26.759E-03
+108.400E-03,+23.744E-03,-26.759E-03
+108.500E-03,+23.744E-03,-20.477E-03
+108.600E-03,+23.744E-03,-26.759E-03
+108.700E-03,+23.744E-03,-26.759E-03
+108.800E-03,+23.744E-03,-26.759E-03
+108.900E-03,+23.744E-03,-26.759E-03
+109.000E-03,+23.744E-03,+13.442E-03
+109.100E-03,+23.744E-03,-377E-06
+109.200E-03,+23.744E-03,-2.889E-03
+109.300E-03,+23.744E-03,-26.759E-03
+109.400E-03,+23.744E-03,+13.442E-03
+109.500E-03,+23.744E-03,-377E-06
+109.600E-03,+23.744E-03,-2.889E-03
+109.700E-03,+23.744E-03,-26.759E-03
+109.800E-03,-12.688E-03,+13.442E-03
+109.900E-03,+9.925E-03,+13.442E-03
+110.000E-03,-126E-06,-10.427E-03
+110.100E-03,+17.462E-03,+13.442E-03
+110.200E-03,-12.688E-03,+13.442E-03
+110.300E-03,-16.457E-03,+13.442E-03
+110.400E-03,+7.412E-03,-2.889E-03
+110.500E-03,-16.457E-03,+13.442E-03
+110.600E-03,+23.744E-03,+13.442E-03
+110.700E-03,+23.744E-03,+13.442E-03
+110.800E-03,-126E-06,+13.442E-03
+110.900E-03,+23.744E-03,+13.442E-03
+111.000E-03,-16.457E-03,+13.442E-03
+111.100E-03,-16.457E-03,-377E-06
+111.200E-03,-126E-06,+13.442E-03
+111.300E-03,-16.457E-03,+13.442E-03
+111.400E-03,-16.457E-03,+13.442E-03
+111.500E-03,-16.457E-03,-12.940E-03
+111.600E-03,+7.412E-03,+13.442E-03
+111.700E-03,-16.457E-03,+13.442E-03
+111.800E-03,-16.457E-03,+13.442E-03
+111.900E-03,-16.457E-03,+13.442E-03
+112.000E-03,-16.457E-03,+13.442E-03
+112.100E-03,-16.457E-03,+13.442E-03
+112.200E-03,-16.457E-03,+13.442E-03
+112.300E-03,-16.457E-03,-12.940E-03
+112.400E-03,-16.457E-03,+13.442E-03
+112.500E-03,-16.457E-03,+13.442E-03
+112.600E-03,-20.226E-03,+13.442E-03
+112.700E-03,-16.457E-03,+13.442E-03
+112.800E-03,-16.457E-03,+13.442E-03
+112.900E-03,-16.457E-03,-20.477E-03
+113.000E-03,-16.457E-03,+13.442E-03
+113.100E-03,-16.457E-03,+13.442E-03
+113.200E-03,-16.457E-03,-10.427E-03
+113.300E-03,-16.457E-03,+13.442E-03
+113.400E-03,-16.457E-03,-26.759E-03
+113.500E-03,-16.457E-03,+13.442E-03
+113.600E-03,-16.457E-03,-26.759E-03
+113.700E-03,-16.457E-03,-26.759E-03
+113.800E-03,-16.457E-03,-26.759E-03
+113.900E-03,-16.457E-03,-26.759E-03
+114.000E-03,-16.457E-03,-26.759E-03
+114.100E-03,-16.457E-03,-26.759E-03
+114.200E-03,-16.457E-03,-26.759E-03
+114.300E-03,-16.457E-03,-26.759E-03
+114.400E-03,-40.327E-03,-26.759E-03
+114.500E-03,-16.457E-03,-26.759E-03
+114.600E-03,-16.457E-03,-26.759E-03
+114.700E-03,-30.276E-03,-26.759E-03
+114.800E-03,-56.658E-03,-43.090E-03
+114.900E-03,-50.377E-03,-26.759E-03
+115.000E-03,-16.457E-03,-26.759E-03
+115.100E-03,-42.839E-03,-26.759E-03
+115.200E-03,-16.457E-03,-50.628E-03
+115.300E-03,-50.377E-03,-33.040E-03
+115.400E-03,-16.457E-03,-26.759E-03
+115.500E-03,-30.276E-03,-66.960E-03
+115.600E-03,-16.457E-03,-50.628E-03
+115.700E-03,-16.457E-03,-26.759E-03
+115.800E-03,-20.226E-03,-30.528E-03
+115.900E-03,-16.457E-03,-66.960E-03
+116.000E-03,-16.457E-03,-26.759E-03
+116.100E-03,-16.457E-03,-66.960E-03
+116.200E-03,-16.457E-03,-26.759E-03
+116.300E-03,-42.839E-03,-40.578E-03
+116.400E-03,-16.457E-03,-66.960E-03
+116.500E-03,-16.457E-03,-33.040E-03
+116.600E-03,-16.457E-03,-63.191E-03
+116.700E-03,-16.457E-03,-53.141E-03
+116.800E-03,-16.457E-03,-66.960E-03
+116.900E-03,-16.457E-03,-66.960E-03
+117.000E-03,+19.975E-03,-66.960E-03
+117.100E-03,-16.457E-03,-66.960E-03
+117.200E-03,-16.457E-03,-50.628E-03
+117.300E-03,-16.457E-03,-66.960E-03
+117.400E-03,-16.457E-03,-66.960E-03
+117.500E-03,-16.457E-03,-66.960E-03
+117.600E-03,-16.457E-03,-66.960E-03
+117.700E-03,-16.457E-03,-60.678E-03
+117.800E-03,-16.457E-03,-66.960E-03
+117.900E-03,-16.457E-03,-66.960E-03
+118.000E-03,-16.457E-03,-66.960E-03
+118.100E-03,-10.176E-03,-66.960E-03
+118.200E-03,+19.975E-03,-66.960E-03
+118.300E-03,+23.744E-03,-66.960E-03
+118.400E-03,+7.412E-03,-66.960E-03
+118.500E-03,+17.462E-03,-66.960E-03
+118.600E-03,+19.975E-03,-26.759E-03
+118.700E-03,+9.925E-03,-66.960E-03
+118.800E-03,-16.457E-03,-50.628E-03
+118.900E-03,-10.176E-03,-66.960E-03
+119.000E-03,+19.975E-03,-66.960E-03
+119.100E-03,+9.925E-03,-66.960E-03
+119.200E-03,+7.412E-03,-50.628E-03
+119.300E-03,+17.462E-03,-66.960E-03
+119.400E-03,+19.975E-03,-66.960E-03
+119.500E-03,+23.744E-03,-66.960E-03
+119.600E-03,+23.744E-03,-66.960E-03
+119.700E-03,+23.744E-03,-26.759E-03
+119.800E-03,+23.744E-03,-63.191E-03
+119.900E-03,-2.638E-03,-66.960E-03
+120.000E-03,+7.412E-03,-66.960E-03
+120.100E-03,-10.176E-03,-66.960E-03
+120.200E-03,-16.457E-03,-66.960E-03
+120.300E-03,-2.638E-03,-53.141E-03
+120.400E-03,-126E-06,-50.628E-03
+120.500E-03,+17.462E-03,-33.040E-03
+120.600E-03,+23.744E-03,-30.528E-03
+120.700E-03,-2.638E-03,-40.578E-03
+120.800E-03,-126E-06,-43.090E-03
+120.900E-03,+23.744E-03,-33.040E-03
+121.000E-03,+23.744E-03,-30.528E-03
+121.100E-03,+23.744E-03,-26.759E-03
+121.200E-03,+7.412E-03,-26.759E-03
+121.300E-03,+23.744E-03,-26.759E-03
+121.400E-03,+23.744E-03,-30.528E-03
+121.500E-03,+23.744E-03,-26.759E-03
+121.600E-03,-126E-06,-26.759E-03
+121.700E-03,+23.744E-03,-33.040E-03
+121.800E-03,+23.744E-03,-26.759E-03
+121.900E-03,+9.925E-03,-26.759E-03
+122.000E-03,+7.412E-03,-26.759E-03
+122.100E-03,-10.176E-03,-26.759E-03
+122.200E-03,-12.688E-03,-26.759E-03
+122.300E-03,+9.925E-03,-26.759E-03
+122.400E-03,+7.412E-03,-26.759E-03
+122.500E-03,+17.462E-03,-26.759E-03
+122.600E-03,+23.744E-03,-26.759E-03
+122.700E-03,+23.744E-03,-26.759E-03
+122.800E-03,+23.744E-03,-26.759E-03
+122.900E-03,+17.462E-03,-26.759E-03
+123.000E-03,+23.744E-03,-26.759E-03
+123.100E-03,+23.744E-03,-26.759E-03
+123.200E-03,+7.412E-03,-26.759E-03
+123.300E-03,+17.462E-03,-26.759E-03
+123.400E-03,+19.975E-03,-26.759E-03
+123.500E-03,-2.638E-03,-26.759E-03
+123.600E-03,+23.744E-03,-10.427E-03
+123.700E-03,+17.462E-03,-20.477E-03
+123.800E-03,-16.457E-03,-26.759E-03
+123.900E-03,+9.925E-03,-26.759E-03
+124.000E-03,+23.744E-03,-26.759E-03
+124.100E-03,-16.457E-03,+7.161E-03
+124.200E-03,-16.457E-03,+9.673E-03
+124.300E-03,-2.638E-03,-26.759E-03
+124.400E-03,-126E-06,-26.759E-03
+124.500E-03,-16.457E-03,-26.759E-03
+124.600E-03,+19.975E-03,+9.673E-03
+124.700E-03,+9.925E-03,-26.759E-03
+124.800E-03,+7.412E-03,-26.759E-03
+124.900E-03,-16.457E-03,-26.759E-03
+125.000E-03,-16.457E-03,-26.759E-03
+125.100E-03,-2.638E-03,-12.940E-03
+125.200E-03,-16.457E-03,-26.759E-03
+125.300E-03,-16.457E-03,+7.161E-03
+125.400E-03,-16.457E-03,-26.759E-03
+125.500E-03,-2.638E-03,-26.759E-03
+125.600E-03,-16.457E-03,-26.759E-03
+125.700E-03,-16.457E-03,-26.759E-03
+125.800E-03,-12.688E-03,-26.759E-03
+125.900E-03,-16.457E-03,-26.759E-03
+126.000E-03,-16.457E-03,-26.759E-03
+126.100E-03,+17.462E-03,-26.759E-03
+126.200E-03,-16.457E-03,-26.759E-03
+126.300E-03,-16.457E-03,-26.759E-03
+126.400E-03,-16.457E-03,-26.759E-03
+126.500E-03,-16.457E-03,-26.759E-03
+126.600E-03,-16.457E-03,-26.759E-03
+126.700E-03,-16.457E-03,-26.759E-03
+126.800E-03,-16.457E-03,-10.427E-03
+126.900E-03,-16.457E-03,-26.759E-03
+127.000E-03,-16.457E-03,-26.759E-03
+127.100E-03,-16.457E-03,-26.759E-03
+127.200E-03,-16.457E-03,-26.759E-03
+127.300E-03,-16.457E-03,-26.759E-03
+127.400E-03,-16.457E-03,-26.759E-03
+127.500E-03,-16.457E-03,-26.759E-03
+127.600E-03,-16.457E-03,-26.759E-03
+127.700E-03,-10.176E-03,-20.477E-03
+127.800E-03,-16.457E-03,-26.759E-03
+127.900E-03,-16.457E-03,-26.759E-03
+128.000E-03,-16.457E-03,-26.759E-03
+128.100E-03,-16.457E-03,-26.759E-03
+128.200E-03,-16.457E-03,-26.759E-03
+128.300E-03,-16.457E-03,-26.759E-03
+128.400E-03,-16.457E-03,-26.759E-03
+128.500E-03,-16.457E-03,-26.759E-03
+128.600E-03,-16.457E-03,-26.759E-03
+128.700E-03,-16.457E-03,-26.759E-03
+128.800E-03,-16.457E-03,-26.759E-03
+128.900E-03,-16.457E-03,-26.759E-03
+129.000E-03,-16.457E-03,-26.759E-03
+129.100E-03,-16.457E-03,-53.141E-03
+129.200E-03,-16.457E-03,-26.759E-03
+129.300E-03,-16.457E-03,-26.759E-03
+129.400E-03,-16.457E-03,-63.191E-03
+129.500E-03,-16.457E-03,-26.759E-03
+129.600E-03,-16.457E-03,-26.759E-03
+129.700E-03,-16.457E-03,-60.678E-03
+129.800E-03,-16.457E-03,-26.759E-03
+129.900E-03,-16.457E-03,-66.960E-03
+130.000E-03,-16.457E-03,-26.759E-03
+130.100E-03,-16.457E-03,-33.040E-03
+130.200E-03,-16.457E-03,-26.759E-03
+130.300E-03,-16.457E-03,-53.141E-03
+130.400E-03,-16.457E-03,-26.759E-03
+130.500E-03,-16.457E-03,-66.960E-03
+130.600E-03,-16.457E-03,-26.759E-03
+130.700E-03,-16.457E-03,-53.141E-03
+130.800E-03,-16.457E-03,-43.090E-03
+130.900E-03,-16.457E-03,-60.678E-03
+131.000E-03,-16.457E-03,-63.191E-03
+131.100E-03,-16.457E-03,-26.759E-03
+131.200E-03,-16.457E-03,-43.090E-03
+131.300E-03,-16.457E-03,-26.759E-03
+131.400E-03,-16.457E-03,-63.191E-03
+131.500E-03,-16.457E-03,-53.141E-03
+131.600E-03,+7.412E-03,-26.759E-03
+131.700E-03,-10.176E-03,-60.678E-03
+131.800E-03,-12.688E-03,-66.960E-03
+131.900E-03,-16.457E-03,-26.759E-03
+132.000E-03,+7.412E-03,-26.759E-03
+132.100E-03,-10.176E-03,-33.040E-03
+132.200E-03,-16.457E-03,-66.960E-03
+132.300E-03,-2.638E-03,-40.578E-03
+132.400E-03,+7.412E-03,-50.628E-03
+132.500E-03,-16.457E-03,-26.759E-03
+132.600E-03,-16.457E-03,-66.960E-03
+132.700E-03,-2.638E-03,-26.759E-03
+132.800E-03,+7.412E-03,-26.759E-03
+132.900E-03,-10.176E-03,-26.759E-03
+133.000E-03,-16.457E-03,-66.960E-03
+133.100E-03,-16.457E-03,-26.759E-03
+133.200E-03,+7.412E-03,-26.759E-03
+133.300E-03,+23.744E-03,-26.759E-03
+133.400E-03,-12.688E-03,-63.191E-03
+133.500E-03,+9.925E-03,-40.578E-03
+133.600E-03,+23.744E-03,-26.759E-03
+133.700E-03,-10.176E-03,-60.678E-03
+133.800E-03,+23.744E-03,-26.759E-03
+133.900E-03,-2.638E-03,-26.759E-03
+134.000E-03,-16.457E-03,-26.759E-03
+134.100E-03,+23.744E-03,-26.759E-03
+134.200E-03,-12.688E-03,-63.191E-03
+134.300E-03,-2.638E-03,-26.759E-03
+134.400E-03,-126E-06,-50.628E-03
+134.500E-03,-10.176E-03,-60.678E-03
+134.600E-03,-12.688E-03,-26.759E-03
+134.700E-03,+9.925E-03,-40.578E-03
+134.800E-03,+23.744E-03,-26.759E-03
+134.900E-03,+23.744E-03,-26.759E-03
+135.000E-03,+19.975E-03,-26.759E-03
+135.100E-03,-2.638E-03,-26.759E-03
+135.200E-03,+23.744E-03,-26.759E-03
+135.300E-03,+17.462E-03,-26.759E-03
+135.400E-03,-12.688E-03,-26.759E-03
+135.500E-03,-16.457E-03,-26.759E-03
+135.600E-03,+23.744E-03,-26.759E-03
+135.700E-03,+17.462E-03,-26.759E-03
+135.800E-03,+19.975E-03,-26.759E-03
+135.900E-03,-2.638E-03,-26.759E-03
+136.000E-03,+7.412E-03,-10.427E-03
+136.100E-03,+17.462E-03,-26.759E-03
+136.200E-03,-12.688E-03,-26.759E-03
+136.300E-03,+9.925E-03,-26.759E-03
+136.400E-03,+7.412E-03,-26.759E-03
+136.500E-03,-16.457E-03,-26.759E-03
+136.600E-03,-16.457E-03,-26.759E-03
+136.700E-03,-16.457E-03,-26.759E-03
+136.800E-03,+7.412E-03,-26.759E-03
+136.900E-03,-16.457E-03,-60.678E-03
+137.000E-03,-16.457E-03,-26.759E-03
+137.100E-03,-16.457E-03,-26.759E-03
+137.200E-03,-16.457E-03,-26.759E-03
+137.300E-03,-16.457E-03,-26.759E-03
+137.400E-03,-16.457E-03,-26.759E-03
+137.500E-03,-2.638E-03,-26.759E-03
+137.600E-03,-16.457E-03,-26.759E-03
+137.700E-03,-16.457E-03,-26.759E-03
+137.800E-03,-12.688E-03,-26.759E-03
+137.900E-03,-16.457E-03,-26.759E-03
+138.000E-03,-16.457E-03,-26.759E-03
+138.100E-03,-16.457E-03,-26.759E-03
+138.200E-03,-16.457E-03,-26.759E-03
+138.300E-03,-16.457E-03,-26.759E-03
+138.400E-03,-16.457E-03,-26.759E-03
+138.500E-03,-16.457E-03,-26.759E-03
+138.600E-03,-16.457E-03,+9.673E-03
+138.700E-03,-16.457E-03,-26.759E-03
+138.800E-03,-16.457E-03,-26.759E-03
+138.900E-03,-16.457E-03,-26.759E-03
+139.000E-03,-16.457E-03,-26.759E-03
+139.100E-03,-16.457E-03,-26.759E-03
+139.200E-03,+7.412E-03,-26.759E-03
+139.300E-03,-16.457E-03,-26.759E-03
+139.400E-03,-16.457E-03,-26.759E-03
+139.500E-03,-16.457E-03,-26.759E-03
+139.600E-03,-16.457E-03,-26.759E-03
+139.700E-03,-16.457E-03,-26.759E-03
+139.800E-03,-16.457E-03,-26.759E-03
+139.900E-03,-16.457E-03,-26.759E-03
+140.000E-03,-16.457E-03,-26.759E-03
+140.100E-03,-16.457E-03,-60.678E-03
+140.200E-03,-16.457E-03,-26.759E-03
+140.300E-03,-16.457E-03,-26.759E-03
+140.400E-03,-16.457E-03,-26.759E-03
+140.500E-03,-16.457E-03,-26.759E-03
+140.600E-03,-16.457E-03,-26.759E-03
+140.700E-03,-16.457E-03,-26.759E-03
+140.800E-03,-16.457E-03,-26.759E-03
+140.900E-03,-16.457E-03,-26.759E-03
+141.000E-03,-12.688E-03,-26.759E-03
+141.100E-03,-2.638E-03,-40.578E-03
+141.200E-03,-16.457E-03,-26.759E-03
+141.300E-03,-16.457E-03,-26.759E-03
+141.400E-03,-16.457E-03,-26.759E-03
+141.500E-03,-16.457E-03,-26.759E-03
+141.600E-03,-16.457E-03,-26.759E-03
+141.700E-03,-16.457E-03,-26.759E-03
+141.800E-03,-16.457E-03,-26.759E-03
+141.900E-03,-16.457E-03,-40.578E-03
+142.000E-03,+7.412E-03,-26.759E-03
+142.100E-03,-16.457E-03,-26.759E-03
+142.200E-03,-16.457E-03,-30.528E-03
+142.300E-03,-16.457E-03,-26.759E-03
+142.400E-03,-16.457E-03,-26.759E-03
+142.500E-03,-16.457E-03,-26.759E-03
+142.600E-03,-16.457E-03,-63.191E-03
+142.700E-03,-16.457E-03,-26.759E-03
+142.800E-03,-16.457E-03,-50.628E-03
+142.900E-03,-16.457E-03,-60.678E-03
+143.000E-03,-16.457E-03,-26.759E-03
+143.100E-03,-16.457E-03,-26.759E-03
+143.200E-03,-16.457E-03,-26.759E-03
+143.300E-03,-16.457E-03,-26.759E-03
+143.400E-03,-16.457E-03,-26.759E-03
+143.500E-03,-16.457E-03,-26.759E-03
+143.600E-03,-16.457E-03,-66.960E-03
+143.700E-03,-16.457E-03,-26.759E-03
+143.800E-03,-16.457E-03,-26.759E-03
+143.900E-03,-16.457E-03,-40.578E-03
+144.000E-03,-16.457E-03,-43.090E-03
+144.100E-03,-16.457E-03,-60.678E-03
+144.200E-03,-16.457E-03,-66.960E-03
+144.300E-03,-16.457E-03,-26.759E-03
+144.400E-03,-16.457E-03,-43.090E-03
+144.500E-03,-16.457E-03,-33.040E-03
+144.600E-03,-16.457E-03,-26.759E-03
+144.700E-03,-16.457E-03,-53.141E-03
+144.800E-03,+7.412E-03,-26.759E-03
+144.900E-03,-16.457E-03,-26.759E-03
+145.000E-03,+23.744E-03,-26.759E-03
+145.100E-03,+9.925E-03,-26.759E-03
+145.200E-03,-16.457E-03,-26.759E-03
+145.300E-03,-10.176E-03,-33.040E-03
+145.400E-03,+23.744E-03,-30.528E-03
+145.500E-03,+9.925E-03,-26.759E-03
+145.600E-03,-126E-06,-43.090E-03
+145.700E-03,+17.462E-03,-26.759E-03
+145.800E-03,+19.975E-03,-30.528E-03
+145.900E-03,-16.457E-03,-26.759E-03
+146.000E-03,+23.744E-03,-26.759E-03
+146.100E-03,+17.462E-03,-26.759E-03
+146.200E-03,+23.744E-03,-26.759E-03
+146.300E-03,+23.744E-03,-26.759E-03
+146.400E-03,-126E-06,-26.759E-03
+146.500E-03,-16.457E-03,-33.040E-03
+146.600E-03,-12.688E-03,-26.759E-03
+146.700E-03,+9.925E-03,-40.578E-03
+146.800E-03,-16.457E-03,-50.628E-03
+146.900E-03,-16.457E-03,-60.678E-03
+147.000E-03,-16.457E-03,-26.759E-03
+147.100E-03,-16.457E-03,-26.759E-03
+147.200E-03,+23.744E-03,-43.090E-03
+147.300E-03,+17.462E-03,-26.759E-03
+147.400E-03,+23.744E-03,-26.759E-03
+147.500E-03,-2.638E-03,-26.759E-03
+147.600E-03,-16.457E-03,-50.628E-03
+147.700E-03,-10.176E-03,-26.759E-03
+147.800E-03,+19.975E-03,-26.759E-03
+147.900E-03,+9.925E-03,-26.759E-03
+148.000E-03,+7.412E-03,-26.759E-03
+148.100E-03,-16.457E-03,-60.678E-03
+148.200E-03,+23.744E-03,-26.759E-03
+148.300E-03,+23.744E-03,-53.141E-03
+148.400E-03,+23.744E-03,-43.090E-03
+148.500E-03,-10.176E-03,-60.678E-03
+148.600E-03,+19.975E-03,-26.759E-03
+148.700E-03,+9.925E-03,-26.759E-03
+148.800E-03,+23.744E-03,-26.759E-03
+148.900E-03,-10.176E-03,-26.759E-03
+149.000E-03,-16.457E-03,-26.759E-03
+149.100E-03,-16.457E-03,-26.759E-03
+149.200E-03,+23.744E-03,-26.759E-03
+149.300E-03,+23.744E-03,-26.759E-03
+149.400E-03,+23.744E-03,-26.759E-03
+149.500E-03,-2.638E-03,-26.759E-03
+149.600E-03,-16.457E-03,-26.759E-03
+149.700E-03,+17.462E-03,-26.759E-03
+149.800E-03,-16.457E-03,-26.759E-03
+149.900E-03,-16.457E-03,-26.759E-03
+150.000E-03,-16.457E-03,-26.759E-03
+150.100E-03,-16.457E-03,-26.759E-03
+150.200E-03,+19.975E-03,+9.673E-03
+150.300E-03,+9.925E-03,-26.759E-03
+150.400E-03,-16.457E-03,-26.759E-03
+150.500E-03,-16.457E-03,+7.161E-03
+150.600E-03,+19.975E-03,-26.759E-03
+150.700E-03,-2.638E-03,-26.759E-03
+150.800E-03,-16.457E-03,-26.759E-03
+150.900E-03,-16.457E-03,-26.759E-03
+151.000E-03,+19.975E-03,-26.759E-03
+151.100E-03,-2.638E-03,-26.759E-03
+151.200E-03,-16.457E-03,-26.759E-03
+151.300E-03,-16.457E-03,-26.759E-03
+151.400E-03,-16.457E-03,-22.990E-03
+151.500E-03,-16.457E-03,-12.940E-03
+151.600E-03,-126E-06,-26.759E-03
+151.700E-03,-16.457E-03,-26.759E-03
+151.800E-03,-16.457E-03,-26.759E-03
+151.900E-03,-16.457E-03,-377E-06
+152.000E-03,-16.457E-03,-10.427E-03
+152.100E-03,-16.457E-03,-26.759E-03
+152.200E-03,-16.457E-03,-26.759E-03
+152.300E-03,-16.457E-03,-26.759E-03
+152.400E-03,-16.457E-03,-26.759E-03
+152.500E-03,-16.457E-03,-26.759E-03
+152.600E-03,-16.457E-03,-26.759E-03
+152.700E-03,-42.839E-03,-26.759E-03
+152.800E-03,-16.457E-03,-26.759E-03
+152.900E-03,-16.457E-03,-26.759E-03
+153.000E-03,-16.457E-03,-22.990E-03
+153.100E-03,-16.457E-03,-26.759E-03
+153.200E-03,-16.457E-03,-26.759E-03
+153.300E-03,-16.457E-03,-26.759E-03
+153.400E-03,-16.457E-03,-26.759E-03
+153.500E-03,-16.457E-03,-26.759E-03
+153.600E-03,-16.457E-03,-26.759E-03
+153.700E-03,-16.457E-03,-26.759E-03
+153.800E-03,-16.457E-03,-26.759E-03
+153.900E-03,-16.457E-03,-26.759E-03
+154.000E-03,-16.457E-03,-26.759E-03
+154.100E-03,-16.457E-03,-26.759E-03
+154.200E-03,-16.457E-03,-30.528E-03
+154.300E-03,-16.457E-03,-26.759E-03
+154.400E-03,-16.457E-03,-10.427E-03
+154.500E-03,-16.457E-03,-26.759E-03
+154.600E-03,-16.457E-03,-26.759E-03
+154.700E-03,-16.457E-03,-26.759E-03
+154.800E-03,-16.457E-03,-26.759E-03
+154.900E-03,-16.457E-03,-26.759E-03
+155.000E-03,-16.457E-03,-26.759E-03
+155.100E-03,-16.457E-03,-26.759E-03
+155.200E-03,-16.457E-03,-26.759E-03
+155.300E-03,-16.457E-03,-26.759E-03
+155.400E-03,-16.457E-03,-26.759E-03
+155.500E-03,-16.457E-03,-26.759E-03
+155.600E-03,-16.457E-03,-43.090E-03
+155.700E-03,-16.457E-03,-26.759E-03
+155.800E-03,-16.457E-03,-63.191E-03
+155.900E-03,-16.457E-03,-66.960E-03
+156.000E-03,-16.457E-03,-26.759E-03
+156.100E-03,-16.457E-03,-26.759E-03
+156.200E-03,-12.688E-03,-26.759E-03
+156.300E-03,-16.457E-03,-26.759E-03
+156.400E-03,-16.457E-03,-26.759E-03
+156.500E-03,-16.457E-03,-66.960E-03
+156.600E-03,-16.457E-03,-26.759E-03
+156.700E-03,-16.457E-03,-26.759E-03
+156.800E-03,-16.457E-03,-43.090E-03
+156.900E-03,-16.457E-03,-60.678E-03
+157.000E-03,-16.457E-03,-26.759E-03
+157.100E-03,-16.457E-03,-40.578E-03
+157.200E-03,-16.457E-03,-66.960E-03
+157.300E-03,-16.457E-03,-26.759E-03
+157.400E-03,-16.457E-03,-26.759E-03
+157.500E-03,-16.457E-03,-26.759E-03
+157.600E-03,-16.457E-03,-26.759E-03
+157.700E-03,-16.457E-03,-60.678E-03
+157.800E-03,+19.975E-03,-63.191E-03
+157.900E-03,-16.457E-03,-53.141E-03
+158.000E-03,-16.457E-03,-66.960E-03
+158.100E-03,-16.457E-03,-33.040E-03
+158.200E-03,-16.457E-03,-26.759E-03
+158.300E-03,-16.457E-03,-53.141E-03
+158.400E-03,-16.457E-03,-50.628E-03
+158.500E-03,-16.457E-03,-33.040E-03
+158.600E-03,-12.688E-03,-26.759E-03
+158.700E-03,-16.457E-03,-26.759E-03
+158.800E-03,-126E-06,-26.759E-03
+158.900E-03,-10.176E-03,-60.678E-03
+159.000E-03,-16.457E-03,-63.191E-03
+159.100E-03,-16.457E-03,-53.141E-03
+159.200E-03,-16.457E-03,-26.759E-03
+159.300E-03,-16.457E-03,-33.040E-03
+159.400E-03,-16.457E-03,-30.528E-03
+159.500E-03,-16.457E-03,-26.759E-03
+159.600E-03,-16.457E-03,-50.628E-03
+159.700E-03,-16.457E-03,-26.759E-03
+159.800E-03,-16.457E-03,-66.960E-03
+159.900E-03,-2.638E-03,-40.578E-03
+160.000E-03,+23.744E-03,-50.628E-03
+160.100E-03,-10.176E-03,-60.678E-03
+160.200E-03,+23.744E-03,-26.759E-03
+160.300E-03,-2.638E-03,-66.960E-03
+160.400E-03,-126E-06,-26.759E-03
+160.500E-03,-16.457E-03,-26.759E-03
+160.600E-03,-16.457E-03,-26.759E-03
+160.700E-03,-16.457E-03,-40.578E-03
+160.800E-03,+7.412E-03,-26.759E-03
+160.900E-03,-10.176E-03,-26.759E-03
+161.000E-03,+19.975E-03,-30.528E-03
+161.100E-03,-16.457E-03,-26.759E-03
+161.200E-03,-126E-06,-26.759E-03
+161.300E-03,-16.457E-03,-66.960E-03
+161.400E-03,-12.688E-03,-26.759E-03
+161.500E-03,-16.457E-03,-26.759E-03
+161.600E-03,+7.412E-03,-26.759E-03
+161.700E-03,+17.462E-03,-26.759E-03
+161.800E-03,+19.975E-03,-26.759E-03
+161.900E-03,-2.638E-03,-26.759E-03
+162.000E-03,-16.457E-03,-26.759E-03
+162.100E-03,-16.457E-03,-26.759E-03
+162.200E-03,-12.688E-03,-26.759E-03
+162.300E-03,-2.638E-03,-26.759E-03
+162.400E-03,+23.744E-03,-26.759E-03
+162.500E-03,-16.457E-03,-26.759E-03
+162.600E-03,+19.975E-03,-26.759E-03
+162.700E-03,-16.457E-03,-26.759E-03
+162.800E-03,-16.457E-03,-26.759E-03
+162.900E-03,+23.744E-03,-26.759E-03
+163.000E-03,-12.688E-03,-26.759E-03
+163.100E-03,+9.925E-03,-26.759E-03
+163.200E-03,-16.457E-03,-26.759E-03
+163.300E-03,+17.462E-03,-26.759E-03
+163.400E-03,-16.457E-03,-26.759E-03
+163.500E-03,+23.744E-03,-26.759E-03
+163.600E-03,+7.412E-03,-26.759E-03
+163.700E-03,+17.462E-03,-26.759E-03
+163.800E-03,-16.457E-03,-26.759E-03
+163.900E-03,+9.925E-03,-377E-06
+164.000E-03,+7.412E-03,-26.759E-03
+164.100E-03,-10.176E-03,-26.759E-03
+164.200E-03,-16.457E-03,-26.759E-03
+164.300E-03,+23.744E-03,-26.759E-03
+164.400E-03,-16.457E-03,-26.759E-03
+164.500E-03,+17.462E-03,-26.759E-03
+164.600E-03,-16.457E-03,-26.759E-03
+164.700E-03,-2.638E-03,-26.759E-03
+164.800E-03,-16.457E-03,-26.759E-03
+164.900E-03,-16.457E-03,-26.759E-03
+165.000E-03,-16.457E-03,-26.759E-03
+165.100E-03,-16.457E-03,-26.759E-03
+165.200E-03,+23.744E-03,-26.759E-03
+165.300E-03,-16.457E-03,-26.759E-03
+165.400E-03,+19.975E-03,-26.759E-03
+165.500E-03,-16.457E-03,-26.759E-03
+165.600E-03,-126E-06,-26.759E-03
+165.700E-03,-16.457E-03,-26.759E-03
+165.800E-03,-16.457E-03,-26.759E-03
+165.900E-03,+9.925E-03,-26.759E-03
+166.000E-03,+23.744E-03,-26.759E-03
+166.100E-03,-16.457E-03,-26.759E-03
+166.200E-03,-16.457E-03,-26.759E-03
+166.300E-03,-16.457E-03,-26.759E-03
+166.400E-03,-16.457E-03,-26.759E-03
+166.500E-03,-16.457E-03,-26.759E-03
+166.600E-03,-16.457E-03,-26.759E-03
+166.700E-03,-16.457E-03,-26.759E-03
+166.800E-03,-16.457E-03,-26.759E-03
+166.900E-03,+17.462E-03,-26.759E-03
+167.000E-03,-16.457E-03,-26.759E-03
+167.100E-03,-2.638E-03,-26.759E-03
+167.200E-03,+23.744E-03,-26.759E-03
+167.300E-03,-16.457E-03,-26.759E-03
+167.400E-03,-16.457E-03,-30.528E-03
+167.500E-03,-16.457E-03,-26.759E-03
+167.600E-03,-16.457E-03,-26.759E-03
+167.700E-03,-16.457E-03,-26.759E-03
+167.800E-03,-16.457E-03,-26.759E-03
+167.900E-03,-16.457E-03,-26.759E-03
+168.000E-03,-16.457E-03,-26.759E-03
+168.100E-03,-16.457E-03,-33.040E-03
+168.200E-03,-16.457E-03,-30.528E-03
+168.300E-03,-16.457E-03,-40.578E-03
+168.400E-03,-16.457E-03,-26.759E-03
+168.500E-03,-10.176E-03,-26.759E-03
+168.600E-03,-12.688E-03,-26.759E-03
+168.700E-03,-16.457E-03,-26.759E-03
+168.800E-03,-16.457E-03,-26.759E-03
+168.900E-03,-16.457E-03,-60.678E-03
+169.000E-03,-16.457E-03,-26.759E-03
+169.100E-03,-16.457E-03,-26.759E-03
+169.200E-03,-16.457E-03,-26.759E-03
+169.300E-03,-16.457E-03,-60.678E-03
+169.400E-03,-16.457E-03,-26.759E-03
+169.500E-03,-16.457E-03,-26.759E-03
+169.600E-03,-16.457E-03,-26.759E-03
+169.700E-03,-16.457E-03,-26.759E-03
+169.800E-03,-16.457E-03,-26.759E-03
+169.900E-03,-2.638E-03,-40.578E-03
+170.000E-03,-16.457E-03,-26.759E-03
+170.100E-03,-16.457E-03,-26.759E-03
+170.200E-03,-16.457E-03,-26.759E-03
+170.300E-03,-16.457E-03,-26.759E-03
+170.400E-03,-16.457E-03,-50.628E-03
+170.500E-03,+17.462E-03,-33.040E-03
+170.600E-03,-16.457E-03,-26.759E-03
+170.700E-03,-16.457E-03,-26.759E-03
+170.800E-03,-16.457E-03,-43.090E-03
+170.900E-03,-16.457E-03,-26.759E-03
+171.000E-03,-16.457E-03,-26.759E-03
+171.100E-03,-2.638E-03,-53.141E-03
+171.200E-03,-16.457E-03,-26.759E-03
+171.300E-03,+23.744E-03,-60.678E-03
+171.400E-03,-16.457E-03,-26.759E-03
+171.500E-03,-16.457E-03,-26.759E-03
+171.600E-03,-16.457E-03,-50.628E-03
+171.700E-03,-16.457E-03,-26.759E-03
+171.800E-03,-16.457E-03,-26.759E-03
+171.900E-03,-16.457E-03,-26.759E-03
+172.000E-03,-126E-06,-26.759E-03
+172.100E-03,-16.457E-03,-26.759E-03
+172.200E-03,-16.457E-03,-26.759E-03
+172.300E-03,-16.457E-03,-26.759E-03
+172.400E-03,-16.457E-03,-26.759E-03
+172.500E-03,-16.457E-03,-26.759E-03
+172.600E-03,-12.688E-03,-30.528E-03
+172.700E-03,-16.457E-03,-26.759E-03
+172.800E-03,-16.457E-03,-26.759E-03
+172.900E-03,-10.176E-03,-26.759E-03
+173.000E-03,+19.975E-03,-26.759E-03
+173.100E-03,+9.925E-03,-53.141E-03
+173.200E-03,-126E-06,-26.759E-03
+173.300E-03,-10.176E-03,-26.759E-03
+173.400E-03,-12.688E-03,-26.759E-03
+173.500E-03,+9.925E-03,-26.759E-03
+173.600E-03,+23.744E-03,-26.759E-03
+173.700E-03,+17.462E-03,-26.759E-03
+173.800E-03,+19.975E-03,-26.759E-03
+173.900E-03,+23.744E-03,-26.759E-03
+174.000E-03,-16.457E-03,-26.759E-03
+174.100E-03,+23.744E-03,-33.040E-03
+174.200E-03,-12.688E-03,-26.759E-03
+174.300E-03,-16.457E-03,-66.960E-03
+174.400E-03,-16.457E-03,-26.759E-03
+174.500E-03,-10.176E-03,-26.759E-03
+174.600E-03,-16.457E-03,-63.191E-03
+174.700E-03,+23.744E-03,-26.759E-03
+174.800E-03,-16.457E-03,-26.759E-03
+174.900E-03,-16.457E-03,-26.759E-03
+175.000E-03,-12.688E-03,-26.759E-03
+175.100E-03,-16.457E-03,-26.759E-03
+175.200E-03,-126E-06,-26.759E-03
+175.300E-03,+17.462E-03,-26.759E-03
+175.400E-03,-16.457E-03,-26.759E-03
+175.500E-03,+9.925E-03,-26.759E-03
+175.600E-03,-126E-06,-26.759E-03
+175.700E-03,-16.457E-03,-26.759E-03
+175.800E-03,-12.688E-03,-26.759E-03
+175.900E-03,+9.925E-03,-26.759E-03
+176.000E-03,+7.412E-03,-26.759E-03
+176.100E-03,+23.744E-03,-26.759E-03
+176.200E-03,-16.457E-03,-26.759E-03
+176.300E-03,-2.638E-03,-26.759E-03
+176.400E-03,+7.412E-03,-2.889E-03
+176.500E-03,-16.457E-03,-26.759E-03
+176.600E-03,+19.975E-03,-26.759E-03
+176.700E-03,-2.638E-03,-26.759E-03
+176.800E-03,-16.457E-03,-26.759E-03
+176.900E-03,+17.462E-03,-26.759E-03
+177.000E-03,-16.457E-03,-26.759E-03
+177.100E-03,-16.457E-03,-12.940E-03
+177.200E-03,-16.457E-03,-26.759E-03
+177.300E-03,+17.462E-03,-26.759E-03
+177.400E-03,-16.457E-03,-26.759E-03
+177.500E-03,-16.457E-03,-26.759E-03
+177.600E-03,-16.457E-03,-26.759E-03
+177.700E-03,+17.462E-03,-26.759E-03
+177.800E-03,-16.457E-03,-26.759E-03
+177.900E-03,-16.457E-03,-26.759E-03
+178.000E-03,-16.457E-03,-26.759E-03
+178.100E-03,+23.744E-03,-26.759E-03
+178.200E-03,+23.744E-03,-26.759E-03
+178.300E-03,-16.457E-03,-26.759E-03
+178.400E-03,-16.457E-03,-26.759E-03
+178.500E-03,-16.457E-03,-26.759E-03
+178.600E-03,-16.457E-03,-26.759E-03
+178.700E-03,+9.925E-03,-26.759E-03
+178.800E-03,-16.457E-03,-26.759E-03
+178.900E-03,+17.462E-03,-26.759E-03
+179.000E-03,+19.975E-03,-26.759E-03
+179.100E-03,-16.457E-03,-377E-06
+179.200E-03,-126E-06,-26.759E-03
+179.300E-03,-16.457E-03,-26.759E-03
+179.400E-03,-16.457E-03,-26.759E-03
+179.500E-03,-16.457E-03,-26.759E-03
+179.600E-03,-16.457E-03,-26.759E-03
+179.700E-03,-16.457E-03,-26.759E-03
+179.800E-03,-16.457E-03,-26.759E-03
+179.900E-03,-16.457E-03,-26.759E-03
+180.000E-03,-16.457E-03,-26.759E-03
+180.100E-03,-16.457E-03,-26.759E-03
+180.200E-03,-16.457E-03,-26.759E-03
+180.300E-03,-16.457E-03,-26.759E-03
+180.400E-03,-16.457E-03,-10.427E-03
+180.500E-03,-16.457E-03,-26.759E-03
+180.600E-03,-16.457E-03,-26.759E-03
+180.700E-03,-16.457E-03,-26.759E-03
+180.800E-03,-16.457E-03,-26.759E-03
+180.900E-03,-16.457E-03,-26.759E-03
+181.000E-03,-16.457E-03,-26.759E-03
+181.100E-03,+9.925E-03,-26.759E-03
+181.200E-03,-16.457E-03,-26.759E-03
+181.300E-03,-16.457E-03,-26.759E-03
+181.400E-03,-16.457E-03,-26.759E-03
+181.500E-03,-16.457E-03,-26.759E-03
+181.600E-03,-16.457E-03,-26.759E-03
+181.700E-03,-16.457E-03,-26.759E-03
+181.800E-03,-16.457E-03,-26.759E-03
+181.900E-03,-16.457E-03,-26.759E-03
+182.000E-03,-16.457E-03,-26.759E-03
+182.100E-03,-16.457E-03,-26.759E-03
+182.200E-03,-16.457E-03,-26.759E-03
+182.300E-03,-16.457E-03,-26.759E-03
+182.400E-03,-16.457E-03,-26.759E-03
+182.500E-03,-16.457E-03,-26.759E-03
+182.600E-03,-16.457E-03,-26.759E-03
+182.700E-03,-16.457E-03,-26.759E-03
+182.800E-03,-16.457E-03,-26.759E-03
+182.900E-03,-16.457E-03,-26.759E-03
+183.000E-03,-16.457E-03,-26.759E-03
+183.100E-03,-16.457E-03,-26.759E-03
+183.200E-03,-16.457E-03,-26.759E-03
+183.300E-03,-16.457E-03,-60.678E-03
+183.400E-03,-16.457E-03,-26.759E-03
+183.500E-03,-16.457E-03,-26.759E-03
+183.600E-03,-16.457E-03,-50.628E-03
+183.700E-03,-16.457E-03,-33.040E-03
+183.800E-03,-16.457E-03,-26.759E-03
+183.900E-03,-16.457E-03,-53.141E-03
+184.000E-03,-16.457E-03,-66.960E-03
+184.100E-03,-16.457E-03,-60.678E-03
+184.200E-03,-16.457E-03,-26.759E-03
+184.300E-03,+9.925E-03,-26.759E-03
+184.400E-03,-16.457E-03,-26.759E-03
+184.500E-03,-16.457E-03,-26.759E-03
+184.600E-03,+19.975E-03,-26.759E-03
+184.700E-03,-16.457E-03,-26.759E-03
+184.800E-03,-16.457E-03,-26.759E-03
+184.900E-03,-16.457E-03,-26.759E-03
+185.000E-03,-16.457E-03,-30.528E-03
+185.100E-03,-16.457E-03,-26.759E-03
+185.200E-03,-16.457E-03,-50.628E-03
+185.300E-03,-16.457E-03,-26.759E-03
+185.400E-03,-16.457E-03,-26.759E-03
+185.500E-03,-16.457E-03,-66.960E-03
+185.600E-03,-16.457E-03,-26.759E-03
+185.700E-03,-16.457E-03,-26.759E-03
+185.800E-03,-16.457E-03,-30.528E-03
+185.900E-03,-2.638E-03,-26.759E-03
+186.000E-03,-126E-06,-26.759E-03
+186.100E-03,+17.462E-03,-60.678E-03
+186.200E-03,+23.744E-03,-30.528E-03
+186.300E-03,-16.457E-03,-26.759E-03
+186.400E-03,-16.457E-03,-26.759E-03
+186.500E-03,-16.457E-03,-66.960E-03
+186.600E-03,-16.457E-03,-66.960E-03
+186.700E-03,+9.925E-03,-53.141E-03
+186.800E-03,-16.457E-03,-26.759E-03
+186.900E-03,-16.457E-03,-26.759E-03
+187.000E-03,-12.688E-03,-26.759E-03
+187.100E-03,+23.744E-03,-26.759E-03
+187.200E-03,-16.457E-03,-26.759E-03
+187.300E-03,-16.457E-03,-26.759E-03
+187.400E-03,-16.457E-03,-26.759E-03
+187.500E-03,+9.925E-03,-40.578E-03
+187.600E-03,-16.457E-03,-2.889E-03
+187.700E-03,-10.176E-03,-26.759E-03
